title;vanha url;access;vanha guid;uusi guid;Omistaja;uusi url;;
Asuinalueet;http://metatieto.ymparisto.fi:8080/geoportal/catalog/search/resource/details.page?uuid={E4DBC005-823B-469F-9AAB-51450438F41A};Avoin;{E4DBC005-823B-469F-9AAB-51450438F41A};{0B77FA8C-7C42-4783-AA5C-868152E32BE0};Suomen ympäristökeskus;https://metadata.ymparisto.fi/dataset/{0B77FA8C-7C42-4783-AA5C-868152E32BE0};;
Chlorophyll-a daily product for the Baltic Sea 2003-2011;http://metatieto.ymparisto.fi:8080/geoportal/catalog/search/resource/details.page?uuid={C6DCCB67-99B6-449A-A36F-26A847E6D856};Avoin;{C6DCCB67-99B6-449A-A36F-26A847E6D856};{10962669-987F-4FFA-9D73-A96E61AD6992};Finnish Environment Intitute (SYKE);https://metadata.ymparisto.fi/dataset/{10962669-987F-4FFA-9D73-A96E61AD6992};;
Chlorophyll-a daily product for the Baltic Sea 2012-2015;http://metatieto.ymparisto.fi:8080/geoportal/catalog/search/resource/details.page?uuid={681B6DFF-2B4C-4881-AF69-37AD15A2B16A};Avoin;{681B6DFF-2B4C-4881-AF69-37AD15A2B16A};;;https://metadata.ymparisto.fi/dataset/;;
Chlorophyll-a weekly composite for the Baltic Sea 2003-2011;http://metatieto.ymparisto.fi:8080/geoportal/catalog/search/resource/details.page?uuid={422E4BF9-D15B-4779-8ABD-3610BD645C5C};Avoin;{422E4BF9-D15B-4779-8ABD-3610BD645C5C};;;https://metadata.ymparisto.fi/dataset/;;
Corine maanpeite 2000;http://metatieto.ymparisto.fi:8080/geoportal/catalog/search/resource/details.page?uuid={A8936D40-2159-468D-84CD-0A978609B968};Avoin;{A8936D40-2159-468D-84CD-0A978609B968};{A70BC25F-43A2-4C33-A42D-9C22D9D4A3DB};Suomen ympäristökeskus;https://metadata.ymparisto.fi/dataset/{A70BC25F-43A2-4C33-A42D-9C22D9D4A3DB};;
Corine maanpeite 2006;http://metatieto.ymparisto.fi:8080/geoportal/catalog/search/resource/details.page?uuid={4438F7E1-2927-4854-B8F8-0EE8E8822C53};Avoin;{4438F7E1-2927-4854-B8F8-0EE8E8822C53};{703D5B2B-4CCC-49A7-B9E9-92B2E1290CD3};Suomen ympäristökeskus;https://metadata.ymparisto.fi/dataset/{703D5B2B-4CCC-49A7-B9E9-92B2E1290CD3};;
Corine maanpeite 2012;http://metatieto.ymparisto.fi:8080/geoportal/catalog/search/resource/details.page?uuid={D54C552F-F7F7-489B-8B1E-E093D93C7386};Avoin;{D54C552F-F7F7-489B-8B1E-E093D93C7386};{66D9A881-EE3C-42AD-9416-014EA6B84D23};Suomen ympäristökeskus;https://metadata.ymparisto.fi/dataset/{66D9A881-EE3C-42AD-9416-014EA6B84D23};;
Harva ja tiheä taajama-alue;http://metatieto.ymparisto.fi:8080/geoportal/catalog/search/resource/details.page?uuid={674D6DB4-5FD9-434A-855F-F51316704630};Avoin;{674D6DB4-5FD9-434A-855F-F51316704630};{394B169F-2AE6-4966-8055-C593488F8898};Suomen ympäristökeskus;https://metadata.ymparisto.fi/dataset/{394B169F-2AE6-4966-8055-C593488F8898};;
Havaitut tulva-alueet;http://metatieto.ymparisto.fi:8080/geoportal/catalog/search/resource/details.page?uuid={62C30F1D-570D-4C75-80AE-6FE5402ECBBE};Avoin;{62C30F1D-570D-4C75-80AE-6FE5402ECBBE};{D8DE03E4-3F49-4BC1-9C58-3FADFB0F369A};;https://metadata.ymparisto.fi/dataset/{D8DE03E4-3F49-4BC1-9C58-3FADFB0F369A};;
Hydrologiset havaintopaikat, haihdunta-asemat;http://metatieto.ymparisto.fi:8080/geoportal/catalog/search/resource/details.page?uuid={72C2B39E-E581-4B5B-8C28-E5E0190DD97F};Avoin;{72C2B39E-E581-4B5B-8C28-E5E0190DD97F};;;https://metadata.ymparisto.fi/dataset/;;
Hydrologiset havaintopaikat, jäänpaksuus;http://metatieto.ymparisto.fi:8080/geoportal/catalog/search/resource/details.page?uuid={AB16A1FF-65E1-4A6E-A73D-653DDAAA7495};Avoin;{AB16A1FF-65E1-4A6E-A73D-653DDAAA7495};;;https://metadata.ymparisto.fi/dataset/;;
Hydrologiset havaintopaikat, lumilinjamittaus;http://metatieto.ymparisto.fi:8080/geoportal/catalog/search/resource/details.page?uuid={3D7A5268-E65C-4AB1-9A5E-99C8909AD764};Avoin;{3D7A5268-E65C-4AB1-9A5E-99C8909AD764};;;https://metadata.ymparisto.fi/dataset/;;
Hydrologiset havaintopaikat, lämpötilaluotaus;http://metatieto.ymparisto.fi:8080/geoportal/catalog/search/resource/details.page?uuid={854C80BE-3383-4E67-8C21-0E4D038B7BA8};Avoin;{854C80BE-3383-4E67-8C21-0E4D038B7BA8};;;https://metadata.ymparisto.fi/dataset/;;
Hydrologiset havaintopaikat, pintaveden lämpötila;http://metatieto.ymparisto.fi:8080/geoportal/catalog/search/resource/details.page?uuid={8462E50B-16BD-4C7F-9A79-F3DC6BFA1080};Avoin;{8462E50B-16BD-4C7F-9A79-F3DC6BFA1080};;;https://metadata.ymparisto.fi/dataset/;;
Hydrologiset havaintopaikat, valunta;http://metatieto.ymparisto.fi:8080/geoportal/catalog/search/resource/details.page?uuid={1E11A44F-4987-4FF2-B55B-A3F94739FEE5};Avoin;{1E11A44F-4987-4FF2-B55B-A3F94739FEE5};;;https://metadata.ymparisto.fi/dataset/;;
Hydrologiset havaintopaikat, vedenkorkeus;http://metatieto.ymparisto.fi:8080/geoportal/catalog/search/resource/details.page?uuid={6FC8A217-6A9D-4FE2-8923-843DA4A7DBE5};Avoin;{6FC8A217-6A9D-4FE2-8923-843DA4A7DBE5};;;https://metadata.ymparisto.fi/dataset/;;
Hydrologiset havaintopaikat, virtaama;http://metatieto.ymparisto.fi:8080/geoportal/catalog/search/resource/details.page?uuid={B6AFC4CE-7827-46BE-9372-141CE59394AA};Avoin;{B6AFC4CE-7827-46BE-9372-141CE59394AA};;;https://metadata.ymparisto.fi/dataset/;;
INSPIRE-tietotuote: Luonnonsuojelu- ja erämaa-alueet;http://metatieto.ymparisto.fi:8080/geoportal/catalog/search/resource/details.page?uuid={DFC5480E-CFC4-4FF3-B42F-9685481309BC};Avoin;{DFC5480E-CFC4-4FF3-B42F-9685481309BC};;;https://metadata.ymparisto.fi/dataset/;;
INSPIRE-tietotuote: Natura 2000;http://metatieto.ymparisto.fi:8080/geoportal/catalog/search/resource/details.page?uuid={EB7FEE73-535C-49D8-AD0B-EAF13E52E665};Avoin;{EB7FEE73-535C-49D8-AD0B-EAF13E52E665};;;https://metadata.ymparisto.fi/dataset/;;
INSPIRE-tietotuote: Uomaverkosto;http://metatieto.ymparisto.fi:8080/geoportal/catalog/search/resource/details.page?uuid={6AF05F3B-0D56-49D5-BFEA-F1652620D879};Avoin;{6AF05F3B-0D56-49D5-BFEA-F1652620D879};;;https://metadata.ymparisto.fi/dataset/;;
Itämeren päivittäiset pintalämpötilat / Sea surface temperature for the Baltic Sea;http://metatieto.ymparisto.fi:8080/geoportal/catalog/search/resource/details.page?uuid={4568E834-419F-4295-8CB1-2BE76C1F3318};Avoin;{4568E834-419F-4295-8CB1-2BE76C1F3318};;;https://metadata.ymparisto.fi/dataset/;;
Itämeren viikottaiset pintalämpötilat / Sea surface temperature weekly composites for the Baltic Sea;http://metatieto.ymparisto.fi:8080/geoportal/catalog/search/resource/details.page?uuid={1B235B6E-170C-4EF4-BE20-77C606F1A165};Avoin;{1B235B6E-170C-4EF4-BE20-77C606F1A165};;;https://metadata.ymparisto.fi/dataset/;;
Järvien ja jokien luotauspisteet;http://metatieto.ymparisto.fi:8080/geoportal/catalog/search/resource/details.page?uuid={28041FC2-F80F-43FF-BEAA-CE66D449D04F};Avoin;{28041FC2-F80F-43FF-BEAA-CE66D449D04F};{80B4FB0F-C60E-4290-8183-1309E8AD8B76};Suomen ympäristökeskus;https://metadata.ymparisto.fi/dataset/{80B4FB0F-C60E-4290-8183-1309E8AD8B76};;
Järvien ja jokien syvyysaineisto;http://metatieto.ymparisto.fi:8080/geoportal/catalog/search/resource/details.page?uuid={E3647EED-2697-4EDE-92C9-900DD458B87F};Avoin;{E3647EED-2697-4EDE-92C9-900DD458B87F};{DC4AD1E9-F4E5-4998-825D-D2CA4836A2F5};Suomen ympäristökeskus;https://metadata.ymparisto.fi/dataset/{DC4AD1E9-F4E5-4998-825D-D2CA4836A2F5};;
Kaupunki-maaseutu-luokitus (YKR);http://metatieto.ymparisto.fi:8080/geoportal/catalog/search/resource/details.page?uuid={BDD349C3-3656-4B3C-A590-77901C058DA2};Avoin;{BDD349C3-3656-4B3C-A590-77901C058DA2};{A2556B8B-0E17-4E70-AF87-0FCEBDADBE89};Suomen ympäristökeskus;https://metadata.ymparisto.fi/dataset/{A2556B8B-0E17-4E70-AF87-0FCEBDADBE89};;
Keskustat ja kaupan alueet;http://metatieto.ymparisto.fi:8080/geoportal/catalog/search/resource/details.page?uuid={7D2F780B-39D7-4C83-9A2A-C3E3D6534B61};Avoin;{7D2F780B-39D7-4C83-9A2A-C3E3D6534B61};{79B6DD92-3448-402D-95A9-D56B484CD6A1};Suomen ympäristökeskus;https://metadata.ymparisto.fi/dataset/{79B6DD92-3448-402D-95A9-D56B484CD6A1};;
Koskiensuojelulailla suojellut vesistöt;http://metatieto.ymparisto.fi:8080/geoportal/catalog/search/resource/details.page?uuid={48CD102E-D5CE-445A-B9DC-74F8E9345D94};Avoin;{48CD102E-D5CE-445A-B9DC-74F8E9345D94};{CF5DEA48-E8E4-49AA-8EDB-DBE862B92F07};Suomen ympäristökeskus;https://metadata.ymparisto.fi/dataset/{CF5DEA48-E8E4-49AA-8EDB-DBE862B92F07};;
Lajit, luontodirektiivin raportointi 2013;http://metatieto.ymparisto.fi:8080/geoportal/catalog/search/resource/details.page?uuid={4E1FF620-E911-4678-83A4-F4A13944BD1A};Avoin;{4E1FF620-E911-4678-83A4-F4A13944BD1A};{4F51E747-E3DC-4223-BD0D-50108396F8A1};;https://metadata.ymparisto.fi/dataset/{4F51E747-E3DC-4223-BD0D-50108396F8A1};;
Lake Chl-a products from Finland (MERIS, FRESHMON);http://metatieto.ymparisto.fi:8080/geoportal/catalog/search/resource/details.page?uuid=CHL_Finland_SYKE_2006-2011_MERIS_FUB_RECT;Avoin;CHL_Finland_SYKE_2006-2011_MERIS_FUB_RECT;;;https://metadata.ymparisto.fi/dataset/;;
Liikennealueiden ympäristöriskiluokitus;http://metatieto.ymparisto.fi:8080/geoportal/catalog/search/resource/details.page?uuid={F41D131D-B103-4726-B291-E43B49D136A2};Avoin;{F41D131D-B103-4726-B291-E43B49D136A2};{0143CB1F-4203-4252-B042-E32CB570A930};Suomen ympäristökeskus;https://metadata.ymparisto.fi/dataset/{0143CB1F-4203-4252-B042-E32CB570A930};;
Linnut, lintudirektiivin raportointi 2013;http://metatieto.ymparisto.fi:8080/geoportal/catalog/search/resource/details.page?uuid={084531FC-EE76-418A-9832-5F8B418BA60E};Avoin;{084531FC-EE76-418A-9832-5F8B418BA60E};{EEE47DAE-72EF-403A-AED4-7F5E78E53739};;https://metadata.ymparisto.fi/dataset/{EEE47DAE-72EF-403A-AED4-7F5E78E53739};;
Luonnonsuojelu- ja erämaa-alueet;http://metatieto.ymparisto.fi:8080/geoportal/catalog/search/resource/details.page?uuid={2627E9FE-B657-48E1-A98D-000D4CD5CA38};Avoin;{2627E9FE-B657-48E1-A98D-000D4CD5CA38};{C8FC4A42-A2C3-40C4-92CD-2299C688514E};Metsähallitus;https://metadata.ymparisto.fi/dataset/{C8FC4A42-A2C3-40C4-92CD-2299C688514E};;
Luonnonsuojeluohjelma-alueet;http://metatieto.ymparisto.fi:8080/geoportal/catalog/search/resource/details.page?uuid={C305FA65-F319-4FA0-AAB8-F92AE32B6EE2};Avoin;{C305FA65-F319-4FA0-AAB8-F92AE32B6EE2};{5A93FF5B-FB88-40C7-84E0-91FCC492A621};Suomen ympäristökeskus;https://metadata.ymparisto.fi/dataset/{5A93FF5B-FB88-40C7-84E0-91FCC492A621};;
Luontotyypit, luontodirektiivin raportointi 2013;http://metatieto.ymparisto.fi:8080/geoportal/catalog/search/resource/details.page?uuid={B67BC862-E17C-42A2-B7AE-70B8A171170F};Avoin;{B67BC862-E17C-42A2-B7AE-70B8A171170F};{A0DF9C40-CC7B-4359-8595-5C76B760257C};;https://metadata.ymparisto.fi/dataset/{A0DF9C40-CC7B-4359-8595-5C76B760257C};;
Maasto- ja vesiliikenteen rajoitusalueet;http://metatieto.ymparisto.fi:8080/geoportal/catalog/search/resource/details.page?uuid={01A88DB7-7672-4671-95C4-3CD2AEAC5A99};Avoin;{01A88DB7-7672-4671-95C4-3CD2AEAC5A99};{AFBC7507-2167-4224-8CBA-37E1B6C975A3};Suomen ympäristökeskus;https://metadata.ymparisto.fi/dataset/{AFBC7507-2167-4224-8CBA-37E1B6C975A3};;
Maisemamaakuntajako;http://metatieto.ymparisto.fi:8080/geoportal/catalog/search/resource/details.page?uuid={8D4119C7-23C6-419C-B874-2FB4C8DAEC44};Avoin;{8D4119C7-23C6-419C-B874-2FB4C8DAEC44};{27ACED25-8784-484D-962B-3207459D8BF0};Suomen ympäristökeskus;https://metadata.ymparisto.fi/dataset/{27ACED25-8784-484D-962B-3207459D8BF0};;
Metsäkasvillisuusvyöhykkeet;http://metatieto.ymparisto.fi:8080/geoportal/catalog/search/resource/details.page?uuid={56486ECE-92E9-4FA5-96F3-0FC1D1B8C428};Avoin;{56486ECE-92E9-4FA5-96F3-0FC1D1B8C428};{664BE696-C6A5-4FC4-8D6A-7D2E63D0E9C6};Suomen ympäristökeskus;https://metadata.ymparisto.fi/dataset/{664BE696-C6A5-4FC4-8D6A-7D2E63D0E9C6};;
Metsäkasvillisuusvyöhykkeet uhanalaisarviointia varten;http://metatieto.ymparisto.fi:8080/geoportal/catalog/search/resource/details.page?uuid={FBF9037A-3381-47C4-AD09-BBEAB007FEC0};Avoin;{FBF9037A-3381-47C4-AD09-BBEAB007FEC0};{664BE696-C6A5-4FC4-8D6A-7D2E63D0E9C6};;https://metadata.ymparisto.fi/dataset/{664BE696-C6A5-4FC4-8D6A-7D2E63D0E9C6};;
Natura2000 alueet;http://metatieto.ymparisto.fi:8080/geoportal/catalog/search/resource/details.page?uuid={36FA93DC-F156-427E-973E-E83F7AFC6306};Avoin;{36FA93DC-F156-427E-973E-E83F7AFC6306};{ED80465E-135B-4391-AA8A-FE2038FB224D};Suomen ympäristökeskus;https://metadata.ymparisto.fi/dataset/{ED80465E-135B-4391-AA8A-FE2038FB224D};;
Pohjavesialueet;http://metatieto.ymparisto.fi:8080/geoportal/catalog/search/resource/details.page?uuid={F8321822-0A0D-4AC4-81E3-B9E3BE6386A2};Avoin;{F8321822-0A0D-4AC4-81E3-B9E3BE6386A2};{8F45F7BF-669F-4434-A8DB-8E686933F6FF};Suomen ympäristökeskus;https://metadata.ymparisto.fi/dataset/{8F45F7BF-669F-4434-A8DB-8E686933F6FF};;
Rakennussuojelu;http://metatieto.ymparisto.fi:8080/geoportal/catalog/search/resource/details.page?uuid={1500436E-FD0E-4560-A933-847F16EFCC94};Avoin;{1500436E-FD0E-4560-A933-847F16EFCC94};{46AC1915-EC9D-4A02-92C0-58DAD8301E4A};Suomen ympäristökeskus;https://metadata.ymparisto.fi/dataset/{46AC1915-EC9D-4A02-92C0-58DAD8301E4A};;
Ranta10 - rantaviiva 1:10 000 ja uomaverkosto;http://metatieto.ymparisto.fi:8080/geoportal/catalog/search/resource/details.page?uuid={A40A94CB-4905-4489-9C03-52B6CE9F66CD};Avoin;{A40A94CB-4905-4489-9C03-52B6CE9F66CD};{E15CD0B3-3934-4ABC-BF23-A8C622FA6A57};Suomen ympäristökeskus;https://metadata.ymparisto.fi/dataset/{E15CD0B3-3934-4ABC-BF23-A8C622FA6A57};;
Residential Areas;http://metatieto.ymparisto.fi:8080/geoportal/catalog/search/resource/details.page?uuid={593D9E64-4289-4B7B-A946-7A59C763C904};Avoin;{593D9E64-4289-4B7B-A946-7A59C763C904};;;https://metadata.ymparisto.fi/dataset/;;
Satelliittikuvamosaiikki (Image2000);http://metatieto.ymparisto.fi:8080/geoportal/catalog/search/resource/details.page?uuid={AF0A925D-9410-4431-8DB8-0455C73D193E};Avoin;{AF0A925D-9410-4431-8DB8-0455C73D193E};{0FD2F424-2C22-4384-A0C6-65AF19DED2A9};Suomen ympäristökeskus;https://metadata.ymparisto.fi/dataset/{0FD2F424-2C22-4384-A0C6-65AF19DED2A9};;
Satelliittikuvamosaiikki (Image2006);http://metatieto.ymparisto.fi:8080/geoportal/catalog/search/resource/details.page?uuid={F1B27979-9B92-4607-B97F-28A5808AD5CC};Avoin;{F1B27979-9B92-4607-B97F-28A5808AD5CC};{5F95B099-0EAC-44DC-A1D5-B5B4A388A862};Suomen ympäristökeskus;https://metadata.ymparisto.fi/dataset/{5F95B099-0EAC-44DC-A1D5-B5B4A388A862};;
Satelliittikuvamosaiikki (Image2012);http://metatieto.ymparisto.fi:8080/geoportal/catalog/search/resource/details.page?uuid={85FE6E30-90D2-4DB9-901B-7D86A74599DD};Avoin;{85FE6E30-90D2-4DB9-901B-7D86A74599DD};{94D48E72-5150-4D21-86E6-361506DAD28A};Suomen ympäristökeskus;https://metadata.ymparisto.fi/dataset/{94D48E72-5150-4D21-86E6-361506DAD28A};;
Siltojen korkeudet;http://metatieto.ymparisto.fi:8080/geoportal/catalog/search/resource/details.page?uuid={7E8EA280-EAD4-4AFF-BA43-73DCA7805836};Avoin;{7E8EA280-EAD4-4AFF-BA43-73DCA7805836};{07943EAC-6AF9-4EB1-9B31-B47199446476};Suomen ympäristökeskus;https://metadata.ymparisto.fi/dataset/{07943EAC-6AF9-4EB1-9B31-B47199446476};;
Soidensuojelun täydennysehdotus, Etelä-Suomi ja valtionmaan toteutuneet kohteet;http://metatieto.ymparisto.fi:8080/geoportal/catalog/search/resource/details.page?uuid={5F14DCDF-6A2C-4A67-9035-BC73D0ED60B0};Avoin;{5F14DCDF-6A2C-4A67-9035-BC73D0ED60B0};{C0D331FF-68D8-4BD4-AEB3-B631AF824745};Suomen ympäristökeskus;https://metadata.ymparisto.fi/dataset/{C0D331FF-68D8-4BD4-AEB3-B631AF824745};;
Suokasvillisuusvyöhykkeet;http://metatieto.ymparisto.fi:8080/geoportal/catalog/search/resource/details.page?uuid={B6BD1CAD-BAB5-4473-AFD0-79DB30A88420};Avoin;{B6BD1CAD-BAB5-4473-AFD0-79DB30A88420};{193219CE-197F-4717-8D40-E7EDF6884A1E};Suomen ympäristökeskus;https://metadata.ymparisto.fi/dataset/{193219CE-197F-4717-8D40-E7EDF6884A1E};;
Tulvariskialueet;http://metatieto.ymparisto.fi:8080/geoportal/catalog/search/resource/details.page?uuid={83B57B72-1D1D-4DE4-BC61-180F3EE028AF};Avoin;{83B57B72-1D1D-4DE4-BC61-180F3EE028AF};{AF913A8D-484D-4313-ABD4-AE65A46A391E};Suomen ympäristökeskus;https://metadata.ymparisto.fi/dataset/{AF913A8D-484D-4313-ABD4-AE65A46A391E};;
Tulvavaaravyöhykkeet, meritulva;http://metatieto.ymparisto.fi:8080/geoportal/catalog/search/resource/details.page?uuid={9EC02206-E14C-4186-AF09-829FFFB43FD9};Avoin;{9EC02206-E14C-4186-AF09-829FFFB43FD9};;;https://metadata.ymparisto.fi/dataset/;;
Tulvavaaravyöhykkeet, vesistötulva (avovesi);http://metatieto.ymparisto.fi:8080/geoportal/catalog/search/resource/details.page?uuid={C2B3FC73-060B-4053-BA04-54D86F4DE7E5};Avoin;{C2B3FC73-060B-4053-BA04-54D86F4DE7E5};;;https://metadata.ymparisto.fi/dataset/;;
Tunturialueet;http://metatieto.ymparisto.fi:8080/geoportal/catalog/search/resource/details.page?uuid={A9B5E4AF-21B3-4FA5-AF45-2CD819CE742E};Avoin;{A9B5E4AF-21B3-4FA5-AF45-2CD819CE742E};{ADEAFCBE-9E2D-403A-8E78-13FE913D5E42};Suomen ympäristökeskus;https://metadata.ymparisto.fi/dataset/{ADEAFCBE-9E2D-403A-8E78-13FE913D5E42};;
Uimavesidirektiivin mukaiset uimavedet;http://metatieto.ymparisto.fi:8080/geoportal/catalog/search/resource/details.page?uuid={918099FC-918C-4FA3-9444-5A3D5E950877};Avoin;{918099FC-918C-4FA3-9444-5A3D5E950877};{11F3E166-1B35-4628-BE18-45D1A09A097F};Suomen ympäristökeskus;https://metadata.ymparisto.fi/dataset/{11F3E166-1B35-4628-BE18-45D1A09A097F};;
Valtakunnallisesti arvokkaat kallioalueet;http://metatieto.ymparisto.fi:8080/geoportal/catalog/search/resource/details.page?uuid={4CFB1D5B-F47E-4E92-918A-63EC5BB9C217};Avoin;{4CFB1D5B-F47E-4E92-918A-63EC5BB9C217};{626BAE8B-6632-43FD-8B3A-CF1E01662331};Suomen ympäristökeskus;https://metadata.ymparisto.fi/dataset/{626BAE8B-6632-43FD-8B3A-CF1E01662331};;
Valtakunnallisesti arvokkaat moreenimuodostumat;http://metatieto.ymparisto.fi:8080/geoportal/catalog/search/resource/details.page?uuid={A21026BF-204C-42FC-9FCB-450BD5A94C81};Avoin;{A21026BF-204C-42FC-9FCB-450BD5A94C81};{8253487E-FA94-4E83-9A85-71F85D4DA0B0};Suomen ympäristökeskus;https://metadata.ymparisto.fi/dataset/{8253487E-FA94-4E83-9A85-71F85D4DA0B0};;
Valtakunnallisesti arvokkaat tuuli- ja rantakerrostumat;http://metatieto.ymparisto.fi:8080/geoportal/catalog/search/resource/details.page?uuid={66A5653E-A8E7-4BA3-9703-A0AF001AE089};Avoin;{66A5653E-A8E7-4BA3-9703-A0AF001AE089};{3298587D-C391-47C6-A4E0-D599D0206B73};Suomen ympäristökeskus;https://metadata.ymparisto.fi/dataset/{3298587D-C391-47C6-A4E0-D599D0206B73};;
Valuma-aluejako;http://metatieto.ymparisto.fi:8080/geoportal/catalog/search/resource/details.page?uuid={343C40A6-D0ED-4B6A-BA77-2724A48A3BD3};Avoin;{343C40A6-D0ED-4B6A-BA77-2724A48A3BD3};{44394B13-85D7-4998-BD06-8ADC77C7455C};Suomen ympäristökeskus;https://metadata.ymparisto.fi/dataset/{44394B13-85D7-4998-BD06-8ADC77C7455C};;
Water turbidity daily product for the Baltic Sea 2003-2011;http://metatieto.ymparisto.fi:8080/geoportal/catalog/search/resource/details.page?uuid={89F4653E-9930-4540-BFBA-C78444E1FCD5};Avoin;{89F4653E-9930-4540-BFBA-C78444E1FCD5};{5241F4C8-1F05-4AF0-9A0C-677EBA6BD4A6};Finnish Environment Intitute (SYKE);https://metadata.ymparisto.fi/dataset/{5241F4C8-1F05-4AF0-9A0C-677EBA6BD4A6};;
Water turbidity daily product for the Baltic Sea 2012-2015;http://metatieto.ymparisto.fi:8080/geoportal/catalog/search/resource/details.page?uuid={B4783610-3298-4550-9793-9DBDCB0080B1};Avoin;{B4783610-3298-4550-9793-9DBDCB0080B1};;;https://metadata.ymparisto.fi/dataset/;;
Water turbidity weekly composite for the Baltic Sea 2003-2011;http://metatieto.ymparisto.fi:8080/geoportal/catalog/search/resource/details.page?uuid={CEF2EA78-0400-46F1-8173-CD1D1EE547D1};Avoin;{CEF2EA78-0400-46F1-8173-CD1D1EE547D1};{5241F4C8-1F05-4AF0-9A0C-677EBA6BD4A6};;https://metadata.ymparisto.fi/dataset/{5241F4C8-1F05-4AF0-9A0C-677EBA6BD4A6};;
Vesienhoitoalueet;http://metatieto.ymparisto.fi:8080/geoportal/catalog/search/resource/details.page?uuid={DFA8CF50-721B-4C71-93DD-A8264C5C2A9C};Avoin;{DFA8CF50-721B-4C71-93DD-A8264C5C2A9C};{6AF42DE4-EB9A-4568-9E6C-90BEF19673D0};Suomen ympäristökeskus;https://metadata.ymparisto.fi/dataset/{6AF42DE4-EB9A-4568-9E6C-90BEF19673D0};;
Vesipuitedirektiivin mukaiset vesimuodostumat;http://metatieto.ymparisto.fi:8080/geoportal/catalog/search/resource/details.page?uuid={CB8FEF32-5FCE-4E33-A8B8-1FBB02F9C2C1};Avoin;{CB8FEF32-5FCE-4E33-A8B8-1FBB02F9C2C1};{A3748B80-6E63-4460-A8B7-72CB9884F69B};Suomen ympäristökeskus;https://metadata.ymparisto.fi/dataset/{A3748B80-6E63-4460-A8B7-72CB9884F69B};;
Yhdyskuntarakenteen vyöhykkeet 2015;http://metatieto.ymparisto.fi:8080/geoportal/catalog/search/resource/details.page?uuid={96F338EA-75AF-432C-A780-31A3CDECBDF2};Avoin;{96F338EA-75AF-432C-A780-31A3CDECBDF2};{3B8BD61A-C137-46ED-B16A-B8BA27D1561B};Suomen ympäristökeskus;https://metadata.ymparisto.fi/dataset/{3B8BD61A-C137-46ED-B16A-B8BA27D1561B};;
YKR Kaupunkiseudut;http://metatieto.ymparisto.fi:8080/geoportal/catalog/search/resource/details.page?uuid={29205135-177D-4244-ABF3-BEE74782E567};Avoin;{29205135-177D-4244-ABF3-BEE74782E567};{E3E29357-4333-4C11-8E0E-FCD7307F91EE};Suomen ympäristökeskus;https://metadata.ymparisto.fi/dataset/{E3E29357-4333-4C11-8E0E-FCD7307F91EE};;
YKR-aluejaot;http://metatieto.ymparisto.fi:8080/geoportal/catalog/search/resource/details.page?uuid={802F4259-8AB3-473A-810C-FA3BE4FE5C92};Avoin;{802F4259-8AB3-473A-810C-FA3BE4FE5C92};{A2CEE8A2-F188-4787-88FC-A393032CA60A};Suomen ympäristökeskus;https://metadata.ymparisto.fi/dataset/{A2CEE8A2-F188-4787-88FC-A393032CA60A};;
YKR-taajama;http://metatieto.ymparisto.fi:8080/geoportal/catalog/search/resource/details.page?uuid={CB02E608-6E6B-417E-87DA-BD7C8CB53712};Avoin;{CB02E608-6E6B-417E-87DA-BD7C8CB53712};{28F79998-B5E2-4085-AF80-FB3FA5E9F9BA};Suomen ympäristökeskus;https://metadata.ymparisto.fi/dataset/{28F79998-B5E2-4085-AF80-FB3FA5E9F9BA};;
Ympäristömeludirektiivin mukaiset melualueet;http://metatieto.ymparisto.fi:8080/geoportal/catalog/search/resource/details.page?uuid={E9D872FA-3A6D-45C6-AD52-78E0724307A7};Avoin;{E9D872FA-3A6D-45C6-AD52-78E0724307A7};;;https://metadata.ymparisto.fi/dataset/;;
Ympäristömeludirektiivin mukaiset melualueet 2012;http://metatieto.ymparisto.fi:8080/geoportal/catalog/search/resource/details.page?uuid={8B962E44-AB11-4D38-B178-76AB85B114BB};Avoin;{8B962E44-AB11-4D38-B178-76AB85B114BB};{FCF0230E-07C1-48FF-A762-B51F1332F1DC};Suomen ympäristökeskus;https://metadata.ymparisto.fi/dataset/{FCF0230E-07C1-48FF-A762-B51F1332F1DC};;
Aluesadannan ja lumen aluevesiarvon laskenta-alueet;http://metatieto.ymparisto.fi:8080/geoportal/catalog/search/resource/details.page?uuid={9CC3C6F8-D834-4663-8424-D846CEE43F3D};Saatavuutta rajoitettu;{9CC3C6F8-D834-4663-8424-D846CEE43F3D};{248E7E3F-02A6-41AF-A977-5A4949966001};Suomen ympäristökeskus;https://metadata.ymparisto.fi/dataset/{248E7E3F-02A6-41AF-A977-5A4949966001};;
ARA-rakennukset;http://metatieto.ymparisto.fi:8080/geoportal/catalog/search/resource/details.page?uuid={1E97AFFB-BFDB-4077-BEDD-BE5A7D971C8E};Saatavuutta rajoitettu;{1E97AFFB-BFDB-4077-BEDD-BE5A7D971C8E};;Suomen ympäristökeskus;https://metadata.ymparisto.fi/dataset/;;
Areas Included in National Conservation Programmes;http://metatieto.ymparisto.fi:8080/geoportal/catalog/search/resource/details.page?uuid={A0C487D4-968B-4553-9EFB-870D6D2A728C};Saatavuutta rajoitettu;{A0C487D4-968B-4553-9EFB-870D6D2A728C};;;https://metadata.ymparisto.fi/dataset/;;
Areas with Local Detailed Plans;http://metatieto.ymparisto.fi:8080/geoportal/catalog/search/resource/details.page?uuid={E60A3152-F0AA-4E61-BA1C-E28F0DBE8FF6};Saatavuutta rajoitettu;{E60A3152-F0AA-4E61-BA1C-E28F0DBE8FF6};;;https://metadata.ymparisto.fi/dataset/;;
Asemakaavoitus;http://metatieto.ymparisto.fi:8080/geoportal/catalog/search/resource/details.page?uuid={AC7E17C3-0833-40B1-B37A-187320A03826};Saatavuutta rajoitettu;{AC7E17C3-0833-40B1-B37A-187320A03826};{31968F40-0083-413A-B474-A6D2DB081EDF};Suomen ympäristökeskus;https://metadata.ymparisto.fi/dataset/{31968F40-0083-413A-B474-A6D2DB081EDF};;
Asemakaavojen seurantalomakkeet;http://metatieto.ymparisto.fi:8080/geoportal/catalog/search/resource/details.page?uuid={9BCE41E0-54BC-43A4-9543-D3948FD151EF};Saatavuutta rajoitettu;{9BCE41E0-54BC-43A4-9543-D3948FD151EF};{9BCE41E0-54BC-43A4-9543-D3948FD151EF};Suomen ympäristökeskus / Ympäristöpolitiikkakeskus;https://metadata.ymparisto.fi/dataset/{9BCE41E0-54BC-43A4-9543-D3948FD151EF};;
Asianhallintajärjestelmä AHJO;http://metatieto.ymparisto.fi:8080/geoportal/catalog/search/resource/details.page?uuid={DBBDEECB-AB2A-4B01-B45B-DE809992F79F};Saatavuutta rajoitettu;{DBBDEECB-AB2A-4B01-B45B-DE809992F79F};;Suomen ympäristökeskus;https://metadata.ymparisto.fi/dataset/;;
Asuinrakennusten tiheys (rakennusta/km2);http://metatieto.ymparisto.fi:8080/geoportal/catalog/search/resource/details.page?uuid={44F16A49-3DC8-4BB5-9420-6D015FB64EF1};Saatavuutta rajoitettu;{44F16A49-3DC8-4BB5-9420-6D015FB64EF1};;Suomen ympäristökeskus;https://metadata.ymparisto.fi/dataset/;;
AVOIMUUSINDEKSI MERENPOHJALLA (VELMU);http://metatieto.ymparisto.fi:8080/geoportal/catalog/search/resource/details.page?uuid={0189B2FD-4411-4CB0-90E5-DF4E1293C6F3};Saatavuutta rajoitettu;{0189B2FD-4411-4CB0-90E5-DF4E1293C6F3};{EB99F934-DCF8-4383-BD38-73B2DF3F0C72};Suomen ympäristökeskus;https://metadata.ymparisto.fi/dataset/{EB99F934-DCF8-4383-BD38-73B2DF3F0C72};;
Bathing Waters;http://metatieto.ymparisto.fi:8080/geoportal/catalog/search/resource/details.page?uuid={1D154349-AFCA-4FBB-AD07-50EB6F36339D};Saatavuutta rajoitettu;{1D154349-AFCA-4FBB-AD07-50EB6F36339D};;;https://metadata.ymparisto.fi/dataset/;;
BCU-konttipaikat (öljyyntyneiden lintujen hoitoon);http://metatieto.ymparisto.fi:8080/geoportal/catalog/search/resource/details.page?uuid={EFC9B874-90BF-4701-BABF-29F6F7D58BE0};Saatavuutta rajoitettu;{EFC9B874-90BF-4701-BABF-29F6F7D58BE0};{DF0A5826-F1DF-42EB-A7A8-B8510A46B675};Suomen ympäristökeskus;https://metadata.ymparisto.fi/dataset/{DF0A5826-F1DF-42EB-A7A8-B8510A46B675};;
BORIS 2 (Baltic Oil Response Information System);http://metatieto.ymparisto.fi:8080/geoportal/catalog/search/resource/details.page?uuid={180ACCFE-FE84-4CD3-AF8A-6FF75C473059};Saatavuutta rajoitettu;{180ACCFE-FE84-4CD3-AF8A-6FF75C473059};;Suomen ympäristökeskus;https://metadata.ymparisto.fi/dataset/;;
Catchment areas;http://metatieto.ymparisto.fi:8080/geoportal/catalog/search/resource/details.page?uuid={D6C6858A-562D-4965-AD77-2B1E97EFFA6B};Saatavuutta rajoitettu;{D6C6858A-562D-4965-AD77-2B1E97EFFA6B};;;https://metadata.ymparisto.fi/dataset/;;
CERAMIUM TENUICORNE LEVINNEISYYSMALLI;http://metatieto.ymparisto.fi:8080/geoportal/catalog/search/resource/details.page?uuid={D30F72F9-01F0-448A-9F18-213954BF87C7};Saatavuutta rajoitettu;{D30F72F9-01F0-448A-9F18-213954BF87C7};{F274E613-65AB-4867-B2C6-925596B7A8DE};Suomen ympäristökeskus;https://metadata.ymparisto.fi/dataset/{F274E613-65AB-4867-B2C6-925596B7A8DE};;
CHARA ASPERA LEVINNEISYYSMALLI;http://metatieto.ymparisto.fi:8080/geoportal/catalog/search/resource/details.page?uuid={F271AB26-3268-461F-A380-F3A1CC6AB62E};Saatavuutta rajoitettu;{F271AB26-3268-461F-A380-F3A1CC6AB62E};{BF849316-273C-4347-B151-D4F06460C314};Suomen ympäristökeskus;https://metadata.ymparisto.fi/dataset/{BF849316-273C-4347-B151-D4F06460C314};;
CHARA SPP. & NITELLA SPP. LEVINNEISYYSMALLI;http://metatieto.ymparisto.fi:8080/geoportal/catalog/search/resource/details.page?uuid={31CF9F00-FAA6-4158-B2E9-9D443776C4B1};Saatavuutta rajoitettu;{31CF9F00-FAA6-4158-B2E9-9D443776C4B1};;;https://metadata.ymparisto.fi/dataset/;;
CHARA TOMENTOSA LEVINNEISYYSMALLI;http://metatieto.ymparisto.fi:8080/geoportal/catalog/search/resource/details.page?uuid={3895111B-8E40-4EC1-9256-B4C59B460832};Saatavuutta rajoitettu;{3895111B-8E40-4EC1-9256-B4C59B460832};{0408513A-8CCF-422F-A47B-F12F0946D6EA};Suomen ympäristökeskus;https://metadata.ymparisto.fi/dataset/{0408513A-8CCF-422F-A47B-F12F0946D6EA};;
CHORDA FILUM LEVINNEISYYSMALLI;http://metatieto.ymparisto.fi:8080/geoportal/catalog/search/resource/details.page?uuid={B7D430B8-AEA0-4701-BD8F-533892EA0AD4};Saatavuutta rajoitettu;{B7D430B8-AEA0-4701-BD8F-533892EA0AD4};{CE550B14-5568-4C84-A67C-1473FC33E71F};Suomen ympäristökeskus;https://metadata.ymparisto.fi/dataset/{CE550B14-5568-4C84-A67C-1473FC33E71F};;
CLADOPHORA GLOMERATA LEVINNEISYYSMALLI;http://metatieto.ymparisto.fi:8080/geoportal/catalog/search/resource/details.page?uuid={609B6F9F-954E-4F98-BCFC-172689200290};Saatavuutta rajoitettu;{609B6F9F-954E-4F98-BCFC-172689200290};{411FD599-AAC9-491D-95CA-BC942AE2FF72};Suomen ympäristökeskus;https://metadata.ymparisto.fi/dataset/{411FD599-AAC9-491D-95CA-BC942AE2FF72};;
CLADOPHORA RUPESTRIS LEVINNEISYYSMALLI;http://metatieto.ymparisto.fi:8080/geoportal/catalog/search/resource/details.page?uuid={0B5AAC11-E3E2-40D3-800F-8F5801F503AB};Saatavuutta rajoitettu;{0B5AAC11-E3E2-40D3-800F-8F5801F503AB};{37D789D3-A7E2-44FA-B227-58B59F962244};Suomen ympäristökeskus;https://metadata.ymparisto.fi/dataset/{37D789D3-A7E2-44FA-B227-58B59F962244};;
Corine Land Cover 2000;http://metatieto.ymparisto.fi:8080/geoportal/catalog/search/resource/details.page?uuid={EEC35D81-765A-4A7B-BC9B-F89A476807EC};Saatavuutta rajoitettu;{EEC35D81-765A-4A7B-BC9B-F89A476807EC};;;https://metadata.ymparisto.fi/dataset/;;
Corine Land Cover 2006;http://metatieto.ymparisto.fi:8080/geoportal/catalog/search/resource/details.page?uuid={DD648E4F-0478-4D32-8286-C2437EC87D33};Saatavuutta rajoitettu;{DD648E4F-0478-4D32-8286-C2437EC87D33};;;https://metadata.ymparisto.fi/dataset/;;
Corine Land Cover 2012;http://metatieto.ymparisto.fi:8080/geoportal/catalog/search/resource/details.page?uuid={A58329D8-3ED0-47B8-B789-3095EE55C255};Saatavuutta rajoitettu;{A58329D8-3ED0-47B8-B789-3095EE55C255};;;https://metadata.ymparisto.fi/dataset/;;
Elinympäristön tietopalvelu Liiteri;http://metatieto.ymparisto.fi:8080/geoportal/catalog/search/resource/details.page?uuid={629AC114-8BBC-48B5-9D8F-303A53CF3E9F};Saatavuutta rajoitettu;{629AC114-8BBC-48B5-9D8F-303A53CF3E9F};{1893C260-D934-48F8-A0A0-3606FC392438};Suomen ympäristökeskus / Ympäristöpolitiikkakeskus;https://metadata.ymparisto.fi/dataset/{1893C260-D934-48F8-A0A0-3606FC392438};;
Eliölajit-tietojärjestelmä TAXON;http://metatieto.ymparisto.fi:8080/geoportal/catalog/search/resource/details.page?uuid={C420898F-600A-41CB-8843-F06A90301427};Saatavuutta rajoitettu;{C420898F-600A-41CB-8843-F06A90301427};{C420898F-600A-41CB-8843-F06A90301427};Suomen ympäristökeskus;https://metadata.ymparisto.fi/dataset/{C420898F-600A-41CB-8843-F06A90301427};;
Energiantuotanto rannikolla;http://metatieto.ymparisto.fi:8080/geoportal/catalog/search/resource/details.page?uuid={9707160B-8B54-48DB-9151-4A41FD46D159};Saatavuutta rajoitettu;{9707160B-8B54-48DB-9151-4A41FD46D159};{DBEAADBD-3EE0-498D-8EC2-C66191DA559C};Pohjois-Pohjanmaan ELY;https://metadata.ymparisto.fi/dataset/{DBEAADBD-3EE0-498D-8EC2-C66191DA559C};;
Environmental Noise Maps;http://metatieto.ymparisto.fi:8080/geoportal/catalog/search/resource/details.page?uuid={0CF94C00-D59A-45A0-A2EA-4ACF9014A2BA};Saatavuutta rajoitettu;{0CF94C00-D59A-45A0-A2EA-4ACF9014A2BA};;;https://metadata.ymparisto.fi/dataset/;;
EPHYDATIA FLUVIATILIS LEVINNEISYYSMALLI;http://metatieto.ymparisto.fi:8080/geoportal/catalog/search/resource/details.page?uuid={BB5AE7E2-8C84-4FCC-83DD-1150F60EEE27};Saatavuutta rajoitettu;{BB5AE7E2-8C84-4FCC-83DD-1150F60EEE27};{20637AA7-97D7-43AB-AF34-636043F1C1B9};Suomen ympäristökeskus;https://metadata.ymparisto.fi/dataset/{20637AA7-97D7-43AB-AF34-636043F1C1B9};;
Etäisyysvyöhykkeet;http://metatieto.ymparisto.fi:8080/geoportal/catalog/search/resource/details.page?uuid={64764F78-0F35-438B-9EA4-FDAC3384840D};Saatavuutta rajoitettu;{64764F78-0F35-438B-9EA4-FDAC3384840D};{BF51D501-58F4-4932-A951-5B5A88F4D3C6};Suomen ympäristökeskus;https://metadata.ymparisto.fi/dataset/{BF51D501-58F4-4932-A951-5B5A88F4D3C6};;
Flood hazard areas, lake and river floods;http://metatieto.ymparisto.fi:8080/geoportal/catalog/search/resource/details.page?uuid={302A9608-99B9-4D10-A469-36949D12436F};Saatavuutta rajoitettu;{302A9608-99B9-4D10-A469-36949D12436F};;;https://metadata.ymparisto.fi/dataset/;;
Flood hazard areas, sea floods;http://metatieto.ymparisto.fi:8080/geoportal/catalog/search/resource/details.page?uuid={6C21A825-FE70-47CE-91CA-E14EBE01F562};Saatavuutta rajoitettu;{6C21A825-FE70-47CE-91CA-E14EBE01F562};;;https://metadata.ymparisto.fi/dataset/;;
Flood Risk Areas;http://metatieto.ymparisto.fi:8080/geoportal/catalog/search/resource/details.page?uuid={13972098-7333-4827-B5D0-CFEF3CE54295};Saatavuutta rajoitettu;{13972098-7333-4827-B5D0-CFEF3CE54295};;;https://metadata.ymparisto.fi/dataset/;;
FONTINALIS SPP. LEVINNEISYYSMALLI;http://metatieto.ymparisto.fi:8080/geoportal/catalog/search/resource/details.page?uuid={83CE79F8-4DF5-4B8A-B431-77FAC6195603};Saatavuutta rajoitettu;{83CE79F8-4DF5-4B8A-B431-77FAC6195603};{6EF6BCA9-D30B-45C1-8111-641DC55FA095};Suomen ympäristökeskus;https://metadata.ymparisto.fi/dataset/{6EF6BCA9-D30B-45C1-8111-641DC55FA095};;
Forest Vegetation Zones;http://metatieto.ymparisto.fi:8080/geoportal/catalog/search/resource/details.page?uuid={D53E9674-A446-4F54-81C3-8C15310353CC};Saatavuutta rajoitettu;{D53E9674-A446-4F54-81C3-8C15310353CC};;;https://metadata.ymparisto.fi/dataset/;;
FUCUS SPP. LEVINNEISYYSMALLI;http://metatieto.ymparisto.fi:8080/geoportal/catalog/search/resource/details.page?uuid={FB02515B-D7A9-4F6D-BD15-2E2B818AD997};Saatavuutta rajoitettu;{FB02515B-D7A9-4F6D-BD15-2E2B818AD997};{B6B48CE3-B9FA-442A-9FF5-F8E0B396578D};Suomen ympäristökeskus;https://metadata.ymparisto.fi/dataset/{B6B48CE3-B9FA-442A-9FF5-F8E0B396578D};;
FUCUS-YHTEISÖJEN LEVINNEISYYSMALLI;http://metatieto.ymparisto.fi:8080/geoportal/catalog/search/resource/details.page?uuid={76879C3D-8293-4C12-B873-26F59BCF54B9};Saatavuutta rajoitettu;{76879C3D-8293-4C12-B873-26F59BCF54B9};;;https://metadata.ymparisto.fi/dataset/;;
GOFREP-alue;http://metatieto.ymparisto.fi:8080/geoportal/catalog/search/resource/details.page?uuid={B9487289-0C02-48E4-A26F-DAACDA60C462};Saatavuutta rajoitettu;{B9487289-0C02-48E4-A26F-DAACDA60C462};;Suomen ympäristökeskus;https://metadata.ymparisto.fi/dataset/;;
Groundwater areas;http://metatieto.ymparisto.fi:8080/geoportal/catalog/search/resource/details.page?uuid={FA1742D1-8509-437C-846A-6637B3FF7345};Saatavuutta rajoitettu;{FA1742D1-8509-437C-846A-6637B3FF7345};;;https://metadata.ymparisto.fi/dataset/;;
HAURA- JA HAPSIKKAPOHJAT LEVINNEISYYSMALLI;http://metatieto.ymparisto.fi:8080/geoportal/catalog/search/resource/details.page?uuid={6FF12F76-3162-4DD9-8320-668EDB9CBD9E};Saatavuutta rajoitettu;{6FF12F76-3162-4DD9-8320-668EDB9CBD9E};{C422872A-BA11-406C-9263-44D3302A7FCD};Suomen ympäristökeskus;https://metadata.ymparisto.fi/dataset/{C422872A-BA11-406C-9263-44D3302A7FCD};;
Helsingin ihmispaineindeksi;http://metatieto.ymparisto.fi:8080/geoportal/catalog/search/resource/details.page?uuid={43163BBB-0D01-4375-BE28-33AA1607B2C3};Saatavuutta rajoitettu;{43163BBB-0D01-4375-BE28-33AA1607B2C3};{2063FB74-4879-4213-B9B5-E33FC848315E};Suomen ympäristökeskus;https://metadata.ymparisto.fi/dataset/{2063FB74-4879-4213-B9B5-E33FC848315E};;
Historic Flood Maps;http://metatieto.ymparisto.fi:8080/geoportal/catalog/search/resource/details.page?uuid={6FF5E8D4-5329-44D1-8741-D7F3223D0F30};Saatavuutta rajoitettu;{6FF5E8D4-5329-44D1-8741-D7F3223D0F30};;;https://metadata.ymparisto.fi/dataset/;;
HUB-biotooppiluokittelu;http://metatieto.ymparisto.fi:8080/geoportal/catalog/search/resource/details.page?uuid={7DB140D8-F133-42DB-B424-3309C2684A6D};Saatavuutta rajoitettu;{7DB140D8-F133-42DB-B424-3309C2684A6D};{E0001193-53A2-4CA3-B849-753621E51A69};Metsähallitus / Matti Sahla;https://metadata.ymparisto.fi/dataset/{E0001193-53A2-4CA3-B849-753621E51A69};;
Hydrologian ja vesien käytön tietojärjestelmä HYDRO;http://metatieto.ymparisto.fi:8080/geoportal/catalog/search/resource/details.page?uuid={86FC3188-6796-4C79-AC58-8DBC7B568827};Saatavuutta rajoitettu;{86FC3188-6796-4C79-AC58-8DBC7B568827};{86FC3188-6796-4C79-AC58-8DBC7B568827};Suomen ympäristökeskus;https://metadata.ymparisto.fi/dataset/{86FC3188-6796-4C79-AC58-8DBC7B568827};;
Hätäkeskukset;http://metatieto.ymparisto.fi:8080/geoportal/catalog/search/resource/details.page?uuid={51C9D60D-6D41-44BD-9136-C4933510DB2D};Saatavuutta rajoitettu;{51C9D60D-6D41-44BD-9136-C4933510DB2D};;Suomen ympäristökeskus;https://metadata.ymparisto.fi/dataset/;;
Ilmapäästötietojärjestelmä IPTJ;http://metatieto.ymparisto.fi:8080/geoportal/catalog/search/resource/details.page?uuid={033E574E-3B6D-4A40-A2BC-8C50C8FA86E0};Saatavuutta rajoitettu;{033E574E-3B6D-4A40-A2BC-8C50C8FA86E0};;;https://metadata.ymparisto.fi/dataset/;;
Jokisuistot;http://metatieto.ymparisto.fi:8080/geoportal/catalog/search/resource/details.page?uuid={6DEF8642-7867-4047-AEB9-5134D24C4D64};Saatavuutta rajoitettu;{6DEF8642-7867-4047-AEB9-5134D24C4D64};{5B7F87B2-F082-4081-B653-3AEF12446C9E};Metsähallitus;https://metadata.ymparisto.fi/dataset/{5B7F87B2-F082-4081-B653-3AEF12446C9E};;
Järvirekisteri;http://metatieto.ymparisto.fi:8080/geoportal/catalog/search/resource/details.page?uuid={E4505311-A27A-4CD5-B207-89EFEEFE48CF};Saatavuutta rajoitettu;{E4505311-A27A-4CD5-B207-89EFEEFE48CF};{E4505311-A27A-4CD5-B207-89EFEEFE48CF};Suomen ympäristökeskus /Vesikeskus;https://metadata.ymparisto.fi/dataset/{E4505311-A27A-4CD5-B207-89EFEEFE48CF};;
Järvirekisteri / Säännöstelyhankkeet;http://metatieto.ymparisto.fi:8080/geoportal/catalog/search/resource/details.page?uuid={E6FB5DFE-CA39-4B50-AD36-ABF273B3C375};Saatavuutta rajoitettu;{E6FB5DFE-CA39-4B50-AD36-ABF273B3C375};{E6FB5DFE-CA39-4B50-AD36-ABF273B3C375};Suomen ympäristökeskus;https://metadata.ymparisto.fi/dataset/{E6FB5DFE-CA39-4B50-AD36-ABF273B3C375};;
Jätevedenpuhdistamot rannikolla;http://metatieto.ymparisto.fi:8080/geoportal/catalog/search/resource/details.page?uuid={CE26C069-1F54-4F78-8FE2-A1C025E8C9E8};Saatavuutta rajoitettu;{CE26C069-1F54-4F78-8FE2-A1C025E8C9E8};{E1663280-9639-4559-B0EA-18D1B4BD5625};Pohjois-Pohjanmaan ELY;https://metadata.ymparisto.fi/dataset/{E1663280-9639-4559-B0EA-18D1B4BD5625};;
Kaavoituksen seurannan tilasto;http://metatieto.ymparisto.fi:8080/geoportal/catalog/search/resource/details.page?uuid={4A29A502-D287-4956-AD84-8C467D1E4D40};Saatavuutta rajoitettu;{4A29A502-D287-4956-AD84-8C467D1E4D40};{4A29A502-D287-4956-AD84-8C467D1E4D40};Suomen ympäristökeskus/Ympäristöpolitiikkakeskus;https://metadata.ymparisto.fi/dataset/{4A29A502-D287-4956-AD84-8C467D1E4D40};;
Kalankasvatus ja verkkoaltaat;http://metatieto.ymparisto.fi:8080/geoportal/catalog/search/resource/details.page?uuid={F4A6DADE-650B-4BA2-8E69-11ED37EC1335};Saatavuutta rajoitettu;{F4A6DADE-650B-4BA2-8E69-11ED37EC1335};{D2396FA4-DFF0-4D88-A647-70256C18941E};Pohjois-Pohjanmaan ELY;https://metadata.ymparisto.fi/dataset/{D2396FA4-DFF0-4D88-A647-70256C18941E};;
Kansainväliset jätesiirrot -rekisteri (Basel-rekisteri);http://metatieto.ymparisto.fi:8080/geoportal/catalog/search/resource/details.page?uuid={8D42F658-9DAD-4C65-9418-ABB00B92DF98};Saatavuutta rajoitettu;{8D42F658-9DAD-4C65-9418-ABB00B92DF98};{8D42F658-9DAD-4C65-9418-ABB00B92DF98};Suomen ympäristökeskus;https://metadata.ymparisto.fi/dataset/{8D42F658-9DAD-4C65-9418-ABB00B92DF98};;
Kansalliset kaupunkipuistot;http://metatieto.ymparisto.fi:8080/geoportal/catalog/search/resource/details.page?uuid={ECE5D7C1-FF3C-47C2-84F1-D878CD3DA6EE};Saatavuutta rajoitettu;{ECE5D7C1-FF3C-47C2-84F1-D878CD3DA6EE};{43E99E3C-7C91-42F0-A324-C9CB086E65DD};Suomen ympäristökeskus;https://metadata.ymparisto.fi/dataset/{43E99E3C-7C91-42F0-A324-C9CB086E65DD};;
Kasviplanktontietojärjestelmä KPLANK;http://metatieto.ymparisto.fi:8080/geoportal/catalog/search/resource/details.page?uuid={2F164F22-A4F9-468A-97E5-717B0B3D0E7B};Saatavuutta rajoitettu;{2F164F22-A4F9-468A-97E5-717B0B3D0E7B};{2F164F22-A4F9-468A-97E5-717B0B3D0E7B};;https://metadata.ymparisto.fi/dataset/{2F164F22-A4F9-468A-97E5-717B0B3D0E7B};;
Kemikaalien ympäristötietorekisteri;http://metatieto.ymparisto.fi:8080/geoportal/catalog/search/resource/details.page?uuid={04B79E94-8D3B-451E-963B-19DDAD6F6215};Saatavuutta rajoitettu;{04B79E94-8D3B-451E-963B-19DDAD6F6215};;;https://metadata.ymparisto.fi/dataset/;;
Kertymärekisteri KERTY;http://metatieto.ymparisto.fi:8080/geoportal/catalog/search/resource/details.page?uuid={FF5FE8B1-B2BC-44C7-8A47-744F0A522CD2};Saatavuutta rajoitettu;{FF5FE8B1-B2BC-44C7-8A47-744F0A522CD2};;;https://metadata.ymparisto.fi/dataset/;;
Koekalastusrekisteri (Nordic-verkot, Coastal-verkot, sähkökoekalastus);http://metatieto.ymparisto.fi:8080/geoportal/catalog/search/resource/details.page?uuid={348DFB97-5F9F-4902-9152-23B0C9505673};Saatavuutta rajoitettu;{348DFB97-5F9F-4902-9152-23B0C9505673};;Luonnonvarakeskus;https://metadata.ymparisto.fi/dataset/;;
Kuntien poikkeamispäätökset ja suunnittelutarveratkaisut sekä ELY-keskusten tekemät poikkeamispäätökset;http://metatieto.ymparisto.fi:8080/geoportal/catalog/search/resource/details.page?uuid={0A81369B-6693-4BEB-80EF-238035480C3C};Saatavuutta rajoitettu;{0A81369B-6693-4BEB-80EF-238035480C3C};;;https://metadata.ymparisto.fi/dataset/;;
Laboratorion ja näytteenoton tiedonhallintajärjestelmä LIMS;http://metatieto.ymparisto.fi:8080/geoportal/catalog/search/resource/details.page?uuid={939AE4E5-332A-4B0C-B9BF-96E0F16620A0};Saatavuutta rajoitettu;{939AE4E5-332A-4B0C-B9BF-96E0F16620A0};;;https://metadata.ymparisto.fi/dataset/;;
Lake and River Depth Profiles;http://metatieto.ymparisto.fi:8080/geoportal/catalog/search/resource/details.page?uuid={23FB0660-5B2B-4212-BE02-772EB6E27E16};Saatavuutta rajoitettu;{23FB0660-5B2B-4212-BE02-772EB6E27E16};;;https://metadata.ymparisto.fi/dataset/;;
Laskeumarekisteri;http://metatieto.ymparisto.fi:8080/geoportal/catalog/search/resource/details.page?uuid={19002DDF-91D0-48A3-8E68-891C8E7374D5};Saatavuutta rajoitettu;{19002DDF-91D0-48A3-8E68-891C8E7374D5};;;https://metadata.ymparisto.fi/dataset/;;
Liikennealueet;http://metatieto.ymparisto.fi:8080/geoportal/catalog/search/resource/details.page?uuid={F47A597F-FC14-47C5-BD3A-AE0710BC8A08};Saatavuutta rajoitettu;{F47A597F-FC14-47C5-BD3A-AE0710BC8A08};{22C3E0C5-3221-408E-B346-60493CCE6361};Suomen ympäristökeskus;https://metadata.ymparisto.fi/dataset/{22C3E0C5-3221-408E-B346-60493CCE6361};;
Lumen peittämä ala Itämeren alueella 2007-2011;http://metatieto.ymparisto.fi:8080/geoportal/catalog/search/resource/details.page?uuid=Metadata_SYKE_SCA_Baltic_0.05deg_pv;Saatavuutta rajoitettu;Metadata_SYKE_SCA_Baltic_0.05deg_pv;;;https://metadata.ymparisto.fi/dataset/;;
Lumen peittämä ala Suomessa 2006-2011;http://metatieto.ymparisto.fi:8080/geoportal/catalog/search/resource/details.page?uuid=Metadata_SYKE_SCA_2006-2011_Finland;Saatavuutta rajoitettu;Metadata_SYKE_SCA_2006-2011_Finland;;;https://metadata.ymparisto.fi/dataset/;;
Maa-ainesluvat;http://metatieto.ymparisto.fi:8080/geoportal/catalog/search/resource/details.page?uuid={604DFF56-4157-46DE-84CB-71978DAC790A};Saatavuutta rajoitettu;{604DFF56-4157-46DE-84CB-71978DAC790A};{F163EC63-72A8-4FB5-A021-7A828BC1923F};KEHA-keskus;https://metadata.ymparisto.fi/dataset/{F163EC63-72A8-4FB5-A021-7A828BC1923F};;
Maaperän tilan tietojärjestelmä MATTI;http://metatieto.ymparisto.fi:8080/geoportal/catalog/search/resource/details.page?uuid={BB4FD42D-EDA1-4AC2-8D64-A4253EDCDB94};Saatavuutta rajoitettu;{BB4FD42D-EDA1-4AC2-8D64-A4253EDCDB94};{BB4FD42D-EDA1-4AC2-8D64-A4253EDCDB94};Suomen ympäristökeskus ja ELY-keskukset;https://metadata.ymparisto.fi/dataset/{BB4FD42D-EDA1-4AC2-8D64-A4253EDCDB94};;
Maastoliikennerajoitukset-karttapalvelu;http://metatieto.ymparisto.fi:8080/geoportal/catalog/search/resource/details.page?uuid={E8222F77-00C4-4934-B2CB-0AB6A93D9E69};Saatavuutta rajoitettu;{E8222F77-00C4-4934-B2CB-0AB6A93D9E69};{8F7C8F06-B945-4D95-91BE-F0ECF1D76B7E};Suomen ympäristökeskus;https://metadata.ymparisto.fi/dataset/{8F7C8F06-B945-4D95-91BE-F0ECF1D76B7E};;
Mahdolliset kapeat murtovesilahdet (1650);http://metatieto.ymparisto.fi:8080/geoportal/catalog/search/resource/details.page?uuid={8770CC62-F274-4700-9A81-592FBDE66635};Saatavuutta rajoitettu;{8770CC62-F274-4700-9A81-592FBDE66635};;;https://metadata.ymparisto.fi/dataset/;;
Mahdolliset laajat matalat lahdet (1160);http://metatieto.ymparisto.fi:8080/geoportal/catalog/search/resource/details.page?uuid={6655C0FA-9562-4015-B97A-0D07A19CF72C};Saatavuutta rajoitettu;{6655C0FA-9562-4015-B97A-0D07A19CF72C};;;https://metadata.ymparisto.fi/dataset/;;
Mahdolliset rannikon laguunit (1150);http://metatieto.ymparisto.fi:8080/geoportal/catalog/search/resource/details.page?uuid={74345ACE-9D96-4A52-9E2F-7E8FE38C7809};Saatavuutta rajoitettu;{74345ACE-9D96-4A52-9E2F-7E8FE38C7809};;;https://metadata.ymparisto.fi/dataset/;;
MERENPOHJAN KIVIKKOISUUDEN TODENNÄKÖISYYS;http://metatieto.ymparisto.fi:8080/geoportal/catalog/search/resource/details.page?uuid={41482CFB-D636-4396-AAB3-CBC82A28772A};Saatavuutta rajoitettu;{41482CFB-D636-4396-AAB3-CBC82A28772A};;;https://metadata.ymparisto.fi/dataset/;;
Merialuejako;http://metatieto.ymparisto.fi:8080/geoportal/catalog/search/resource/details.page?uuid={3F43EA83-48C3-4D04-9DDF-67822FB32EF2};Saatavuutta rajoitettu;{3F43EA83-48C3-4D04-9DDF-67822FB32EF2};{6030C360-861F-4C16-B4BB-6A0EB4B5CF96};Suomen ympäristökeskus;https://metadata.ymparisto.fi/dataset/{6030C360-861F-4C16-B4BB-6A0EB4B5CF96};;
Merihiekan- ja soranottoalueet;http://metatieto.ymparisto.fi:8080/geoportal/catalog/search/resource/details.page?uuid={46D1A89C-7CE9-420E-B592-4018AC17EEE8};Saatavuutta rajoitettu;{46D1A89C-7CE9-420E-B592-4018AC17EEE8};{E35DE705-2986-43F2-8678-F219F1D097F2};Metsähallitus;https://metadata.ymparisto.fi/dataset/{E35DE705-2986-43F2-8678-F219F1D097F2};;
Meripelastusvastuualue;http://metatieto.ymparisto.fi:8080/geoportal/catalog/search/resource/details.page?uuid={A2C05340-3276-4FBB-8350-607560E3C31F};Saatavuutta rajoitettu;{A2C05340-3276-4FBB-8350-607560E3C31F};{22A9AD4A-E725-4426-BD1A-916A23CF73BE};Suomen ympäristökeskus;https://metadata.ymparisto.fi/dataset/{22A9AD4A-E725-4426-BD1A-916A23CF73BE};;
MERIVEDEN LÄMPÖTILA POHJALLA (VELMU);http://metatieto.ymparisto.fi:8080/geoportal/catalog/search/resource/details.page?uuid={ED3D3E91-8674-4532-8E78-3E63950A9BE5};Saatavuutta rajoitettu;{ED3D3E91-8674-4532-8E78-3E63950A9BE5};{8E562E41-5465-40A1-9990-4EACE2537F01};Suomen ympäristökeskus;https://metadata.ymparisto.fi/dataset/{8E562E41-5465-40A1-9990-4EACE2537F01};;
Meriveden suolaisuus pinnalla;http://metatieto.ymparisto.fi:8080/geoportal/catalog/search/resource/details.page?uuid={EA4227EC-6958-4EC1-AE3C-3051FB9678B8};Saatavuutta rajoitettu;{EA4227EC-6958-4EC1-AE3C-3051FB9678B8};{D9F7BA00-14B9-40A0-9FEB-A9549266D7FF};Suomen ympäristökeskus;https://metadata.ymparisto.fi/dataset/{D9F7BA00-14B9-40A0-9FEB-A9549266D7FF};;
MERIVEDEN SUOLAISUUS POHJALLA (VELMU);http://metatieto.ymparisto.fi:8080/geoportal/catalog/search/resource/details.page?uuid={B7E5A9C8-08A2-4272-9AB2-ADA81A2E6C69};Saatavuutta rajoitettu;{B7E5A9C8-08A2-4272-9AB2-ADA81A2E6C69};;;https://metadata.ymparisto.fi/dataset/;;
Mire vegetation zones;http://metatieto.ymparisto.fi:8080/geoportal/catalog/search/resource/details.page?uuid={79F1A09C-54C6-4EBE-96D8-1970459896EE};Saatavuutta rajoitettu;{79F1A09C-54C6-4EBE-96D8-1970459896EE};;;https://metadata.ymparisto.fi/dataset/;;
MRL:n mukaisten yleiskaavojen ulkorajaukset;http://metatieto.ymparisto.fi:8080/geoportal/catalog/search/resource/details.page?uuid={D8DD3305-0313-47F4-B241-71658B6C06AC};Saatavuutta rajoitettu;{D8DD3305-0313-47F4-B241-71658B6C06AC};;;https://metadata.ymparisto.fi/dataset/;;
MYTILUS TROSSULUS LEVINNEISYYSMALLI;http://metatieto.ymparisto.fi:8080/geoportal/catalog/search/resource/details.page?uuid={FECA3DEC-6C77-4424-BC42-0AE1452B2BA0};Saatavuutta rajoitettu;{FECA3DEC-6C77-4424-BC42-0AE1452B2BA0};{6AC94879-B22D-42DA-B3F5-3FC955AE03E4};Suomen ympäristökeskus;https://metadata.ymparisto.fi/dataset/{6AC94879-B22D-42DA-B3F5-3FC955AE03E4};;
NAJAS MARINA LEVINNEISYYSMALLI;http://metatieto.ymparisto.fi:8080/geoportal/catalog/search/resource/details.page?uuid={6906D7D5-BAEC-4006-8FDB-84732B61ADE7};Saatavuutta rajoitettu;{6906D7D5-BAEC-4006-8FDB-84732B61ADE7};{61E89CB2-03BA-4FD5-A231-BA2D909D30EF};Suomen ympäristökeskus;https://metadata.ymparisto.fi/dataset/{61E89CB2-03BA-4FD5-A231-BA2D909D30EF};;
Nannut-luokittelu;http://metatieto.ymparisto.fi:8080/geoportal/catalog/search/resource/details.page?uuid={8A4E6487-B27A-4F3B-8EA4-4651EA39ACCE};Saatavuutta rajoitettu;{8A4E6487-B27A-4F3B-8EA4-4651EA39ACCE};{F60E6BF7-9BC6-476D-8102-2E310A204BE0};Suomen ympäristökeskus;https://metadata.ymparisto.fi/dataset/{F60E6BF7-9BC6-476D-8102-2E310A204BE0};;
National Database of Regional Land Use Plans;http://metatieto.ymparisto.fi:8080/geoportal/catalog/search/resource/details.page?uuid={2FAA5D6B-C053-465E-812C-119798581F5C};Saatavuutta rajoitettu;{2FAA5D6B-C053-465E-812C-119798581F5C};;;https://metadata.ymparisto.fi/dataset/;;
National Landscape Division;http://metatieto.ymparisto.fi:8080/geoportal/catalog/search/resource/details.page?uuid={09F5613F-D9A2-4C68-818D-70B018437888};Saatavuutta rajoitettu;{09F5613F-D9A2-4C68-818D-70B018437888};;;https://metadata.ymparisto.fi/dataset/;;
Nationally Designated Nature Protected Areas and Wilderness Reserves;http://metatieto.ymparisto.fi:8080/geoportal/catalog/search/resource/details.page?uuid={9871C541-9E84-4241-A1E5-51C596A5A4E2};Saatavuutta rajoitettu;{9871C541-9E84-4241-A1E5-51C596A5A4E2};;;https://metadata.ymparisto.fi/dataset/;;
Nationally Valuable Aeolian and Littoral Deposits;http://metatieto.ymparisto.fi:8080/geoportal/catalog/search/resource/details.page?uuid={04399CD4-86CD-453E-B683-5CFF53FA36D0};Saatavuutta rajoitettu;{04399CD4-86CD-453E-B683-5CFF53FA36D0};;;https://metadata.ymparisto.fi/dataset/;;
Nationally Valuable Moraine Formations;http://metatieto.ymparisto.fi:8080/geoportal/catalog/search/resource/details.page?uuid={0193799E-1F36-4FB9-A0B9-48264860C58C};Saatavuutta rajoitettu;{0193799E-1F36-4FB9-A0B9-48264860C58C};;;https://metadata.ymparisto.fi/dataset/;;
Nationally Valuable Rocky Areas;http://metatieto.ymparisto.fi:8080/geoportal/catalog/search/resource/details.page?uuid={2753EE72-1F06-4291-987F-08FA693ED5CA};Saatavuutta rajoitettu;{2753EE72-1F06-4291-987F-08FA693ED5CA};;;https://metadata.ymparisto.fi/dataset/;;
Natura 2000 -tietokanta;http://metatieto.ymparisto.fi:8080/geoportal/catalog/search/resource/details.page?uuid={7AC30A3E-8E38-4717-8D2E-80585623212B};Saatavuutta rajoitettu;{7AC30A3E-8E38-4717-8D2E-80585623212B};;Suomen ympäristökeskus / Luontoympäristökeskus / Biodiversiteettiyksikkö;https://metadata.ymparisto.fi/dataset/;;
Nature Recreational Areas;http://metatieto.ymparisto.fi:8080/geoportal/catalog/search/resource/details.page?uuid={E9F0B1FD-C41E-46A1-BA30-E9A29DF12D70};Saatavuutta rajoitettu;{E9F0B1FD-C41E-46A1-BA30-E9A29DF12D70};;;https://metadata.ymparisto.fi/dataset/;;
NÄKÖSYVYYS (VELMU);http://metatieto.ymparisto.fi:8080/geoportal/catalog/search/resource/details.page?uuid={55AB842F-9CED-4E80-A7E5-07A54F0AE4A4};Saatavuutta rajoitettu;{55AB842F-9CED-4E80-A7E5-07A54F0AE4A4};{811B434E-75A1-4F53-9445-A4B4BDADA499};Suomen ympäristökeskus;https://metadata.ymparisto.fi/dataset/{811B434E-75A1-4F53-9445-A4B4BDADA499};;
Olemassa oleva ja suunniteltu tuulivoima;http://metatieto.ymparisto.fi:8080/geoportal/catalog/search/resource/details.page?uuid={9B856E2E-6F8F-4B9A-8618-9923F238852D};Saatavuutta rajoitettu;{9B856E2E-6F8F-4B9A-8618-9923F238852D};{F690781C-D187-4611-8D80-A703804F7B59};Suomen ympäristökeskus;https://metadata.ymparisto.fi/dataset/{F690781C-D187-4611-8D80-A703804F7B59};;
Oppilaitokset;http://metatieto.ymparisto.fi:8080/geoportal/catalog/search/resource/details.page?uuid={7753FF3C-D1E8-453A-B3F1-8412A2AD1CD1};Saatavuutta rajoitettu;{7753FF3C-D1E8-453A-B3F1-8412A2AD1CD1};;Tilastokeskus;https://metadata.ymparisto.fi/dataset/;;
Outlines of Local Master Plans Ratified in Accordance to the old Building Act;http://metatieto.ymparisto.fi:8080/geoportal/catalog/search/resource/details.page?uuid={6771A0AD-3B9C-450E-9536-0B036B47A662};Saatavuutta rajoitettu;{6771A0AD-3B9C-450E-9536-0B036B47A662};;;https://metadata.ymparisto.fi/dataset/;;
Outlines of Local Master Plans Ratified in Accordance with the Landuse and Building Act;http://metatieto.ymparisto.fi:8080/geoportal/catalog/search/resource/details.page?uuid={2D70E79B-36F8-4E5E-BB6C-0DD7C6E5639D};Saatavuutta rajoitettu;{2D70E79B-36F8-4E5E-BB6C-0DD7C6E5639D};;;https://metadata.ymparisto.fi/dataset/;;
Paikkatietoaineistojen latauspalvelu LAPIO;http://metatieto.ymparisto.fi:8080/geoportal/catalog/search/resource/details.page?uuid={DDFEA0F7-7A42-4E8E-9782-57DD74697BD1};Saatavuutta rajoitettu;{DDFEA0F7-7A42-4E8E-9782-57DD74697BD1};{3EEF491C-53D4-4614-B64C-1D98A699198C};Suomen ympäristökeskus;https://metadata.ymparisto.fi/dataset/{3EEF491C-53D4-4614-B64C-1D98A699198C};;
Paikkatietoanalyysien tuloksia;http://metatieto.ymparisto.fi:8080/geoportal/catalog/search/resource/details.page?uuid={BBDCFF54-8109-4795-8BB5-15FA9480BB9C};Saatavuutta rajoitettu;{BBDCFF54-8109-4795-8BB5-15FA9480BB9C};{F039C4B7-7D3C-4EFA-99B0-C52091BC97B4};Suomen ympäristökeskus;https://metadata.ymparisto.fi/dataset/{F039C4B7-7D3C-4EFA-99B0-C52091BC97B4};;
Patoturvallisuuden tietojärjestelmä PATOTURVA;http://metatieto.ymparisto.fi:8080/geoportal/catalog/search/resource/details.page?uuid={895902E7-031C-48AD-A8AC-DCE7D325B9EE};Saatavuutta rajoitettu;{895902E7-031C-48AD-A8AC-DCE7D325B9EE};;;https://metadata.ymparisto.fi/dataset/;;
Pelastustoimen alueet;http://metatieto.ymparisto.fi:8080/geoportal/catalog/search/resource/details.page?uuid={75182F9D-D7D5-4A3A-8556-1C96577F0A52};Saatavuutta rajoitettu;{75182F9D-D7D5-4A3A-8556-1C96577F0A52};{34A6DAEE-DE66-45A2-B3A1-CB23CF6FF45E};Suomen ympäristökeskus;https://metadata.ymparisto.fi/dataset/{34A6DAEE-DE66-45A2-B3A1-CB23CF6FF45E};;
PINNAN AALTOEKSPOSITIO;http://metatieto.ymparisto.fi:8080/geoportal/catalog/search/resource/details.page?uuid={BB655D7F-1E25-4E19-AE7F-5DEBF1AEFC6C};Saatavuutta rajoitettu;{BB655D7F-1E25-4E19-AE7F-5DEBF1AEFC6C};{216DD75B-59A8-408A-80CD-F0785E548769};Suomen ympäristökeskus;https://metadata.ymparisto.fi/dataset/{216DD75B-59A8-408A-80CD-F0785E548769};;
Pintavesien tilan tietojärjestelmä, vedenlaatu PIVET;http://metatieto.ymparisto.fi:8080/geoportal/catalog/search/resource/details.page?uuid={B1444E19-0F36-49F5-A849-01A3D2083A11};Saatavuutta rajoitettu;{B1444E19-0F36-49F5-A849-01A3D2083A11};;;https://metadata.ymparisto.fi/dataset/;;
Pohjaeläinhavaintoja POHJE-tietokannasta;http://metatieto.ymparisto.fi:8080/geoportal/catalog/search/resource/details.page?uuid={2FA13650-7CB3-4299-8663-7542769D102E};Saatavuutta rajoitettu;{2FA13650-7CB3-4299-8663-7542769D102E};{0A22C866-3D0C-476A-9957-9275EB18B8AD};Suomen ympäristökeskus;https://metadata.ymparisto.fi/dataset/{0A22C866-3D0C-476A-9957-9275EB18B8AD};;
Pohjaeläintietojärjestelmä - POHJE;http://metatieto.ymparisto.fi:8080/geoportal/catalog/search/resource/details.page?uuid={EA35908B-1AD2-4C93-B437-A3BB9ADA80F9};Saatavuutta rajoitettu;{EA35908B-1AD2-4C93-B437-A3BB9ADA80F9};{EA35908B-1AD2-4C93-B437-A3BB9ADA80F9};;https://metadata.ymparisto.fi/dataset/{EA35908B-1AD2-4C93-B437-A3BB9ADA80F9};;
Pohjavesitietojärjestelmä POVET;http://metatieto.ymparisto.fi:8080/geoportal/catalog/search/resource/details.page?uuid={C594F22E-B642-434D-B6F2-6ECB03F760C7};Saatavuutta rajoitettu;{C594F22E-B642-434D-B6F2-6ECB03F760C7};{C594F22E-B642-434D-B6F2-6ECB03F760C7};Suomen ympäristökeskus;https://metadata.ymparisto.fi/dataset/{C594F22E-B642-434D-B6F2-6ECB03F760C7};;
Poronhoidon paikkatiedot;http://metatieto.ymparisto.fi:8080/geoportal/catalog/search/resource/details.page?uuid={12E7100A-C010-40A3-A441-4EED54C9FC64};Saatavuutta rajoitettu;{12E7100A-C010-40A3-A441-4EED54C9FC64};{A6E6BD51-E463-4E0A-88EC-71DBFDF2223E};Suomen ympäristökeskus;https://metadata.ymparisto.fi/dataset/{A6E6BD51-E463-4E0A-88EC-71DBFDF2223E};;
POTAMOGETON PERFOLIATUS LEVINNEISYYSMALLI;http://metatieto.ymparisto.fi:8080/geoportal/catalog/search/resource/details.page?uuid={D7F3685D-0432-4FC3-B0D4-13E798050A67};Saatavuutta rajoitettu;{D7F3685D-0432-4FC3-B0D4-13E798050A67};{8FD8F68C-373B-4A47-BB76-2E9040F3C488};Suomen ympäristökeskus;https://metadata.ymparisto.fi/dataset/{8FD8F68C-373B-4A47-BB76-2E9040F3C488};;
Protected Rapids;http://metatieto.ymparisto.fi:8080/geoportal/catalog/search/resource/details.page?uuid={9540CC1E-3E98-4C3D-A214-DC26A7DE6953};Saatavuutta rajoitettu;{9540CC1E-3E98-4C3D-A214-DC26A7DE6953};;;https://metadata.ymparisto.fi/dataset/;;
PUNALEVÄYHTEISÖJEN LEVINNEISYYSMALLI;http://metatieto.ymparisto.fi:8080/geoportal/catalog/search/resource/details.page?uuid={179A08D0-3B37-4A80-837E-83F151D5CDEA};Saatavuutta rajoitettu;{179A08D0-3B37-4A80-837E-83F151D5CDEA};;;https://metadata.ymparisto.fi/dataset/;;
Puolustusvoimien suoja-alueet;http://metatieto.ymparisto.fi:8080/geoportal/catalog/search/resource/details.page?uuid={61D3FA7B-D8AC-40BA-A552-9FCED8F87375};Saatavuutta rajoitettu;{61D3FA7B-D8AC-40BA-A552-9FCED8F87375};;Suomen ympäristökeskus;https://metadata.ymparisto.fi/dataset/;;
PYLAIELLA LITTORALIS & ECTOCARPUS SILICULOSUS LEVINNEISYYSMALLI;http://metatieto.ymparisto.fi:8080/geoportal/catalog/search/resource/details.page?uuid={CF4921DE-7CD1-48C6-8C9C-1BFFC6662E14};Saatavuutta rajoitettu;{CF4921DE-7CD1-48C6-8C9C-1BFFC6662E14};{955901B1-C6D0-45CA-8EA6-C1EF95CA1C50};Suomen ympäristökeskus;https://metadata.ymparisto.fi/dataset/{955901B1-C6D0-45CA-8EA6-C1EF95CA1C50};;
Rakennusperinnön hoitoavustushakemukset;http://metatieto.ymparisto.fi:8080/geoportal/catalog/search/resource/details.page?uuid={9D206B64-2EB7-47CC-AC9C-48459242444E};Saatavuutta rajoitettu;{9D206B64-2EB7-47CC-AC9C-48459242444E};{2CAEA52F-82FA-4E96-8E79-1327F27EF9A9};Suomen ympäristökeskus;https://metadata.ymparisto.fi/dataset/{2CAEA52F-82FA-4E96-8E79-1327F27EF9A9};;
Rakennusperinnön inventointi kohteet ja alueet;http://metatieto.ymparisto.fi:8080/geoportal/catalog/search/resource/details.page?uuid={4B84256C-0F01-456E-8A41-63231FC0D8F5};Saatavuutta rajoitettu;{4B84256C-0F01-456E-8A41-63231FC0D8F5};{D653718F-EE09-4F08-95B5-2AC42BAD5337};Suomen ympäristökeskus;https://metadata.ymparisto.fi/dataset/{D653718F-EE09-4F08-95B5-2AC42BAD5337};;
Rantalohkojako (SÖKÖ-toimintamalli);http://metatieto.ymparisto.fi:8080/geoportal/catalog/search/resource/details.page?uuid={11A39DCD-4A35-4B90-AFBD-EEC3B778378C};Saatavuutta rajoitettu;{11A39DCD-4A35-4B90-AFBD-EEC3B778378C};;Suomen ympäristökeskus;https://metadata.ymparisto.fi/dataset/;;
River Basin Districts;http://metatieto.ymparisto.fi:8080/geoportal/catalog/search/resource/details.page?uuid={65C4C67D-94F6-4B52-A656-069CC5853778};Saatavuutta rajoitettu;{65C4C67D-94F6-4B52-A656-069CC5853778};;;https://metadata.ymparisto.fi/dataset/;;
Ruoppaukset rannikolla;http://metatieto.ymparisto.fi:8080/geoportal/catalog/search/resource/details.page?uuid={1A50B09C-2DEF-46C0-8664-19A3A5BF89CE};Saatavuutta rajoitettu;{1A50B09C-2DEF-46C0-8664-19A3A5BF89CE};{911BBDBD-5371-44E5-8AEA-3DEE2248AEE6};Suomen ympäristökeskus;https://metadata.ymparisto.fi/dataset/{911BBDBD-5371-44E5-8AEA-3DEE2248AEE6};;
Saaristomeren ja Selkämeren fladat;http://metatieto.ymparisto.fi:8080/geoportal/catalog/search/resource/details.page?uuid={45E434FE-36DF-431C-A9F2-D65C433F8751};Saatavuutta rajoitettu;{45E434FE-36DF-431C-A9F2-D65C433F8751};{FC7C4F23-81E4-4037-9DED-E45575205D30};Turun ammattikorkeakoulu;https://metadata.ymparisto.fi/dataset/{FC7C4F23-81E4-4037-9DED-E45575205D30};;
Sea Region Division;http://metatieto.ymparisto.fi:8080/geoportal/catalog/search/resource/details.page?uuid={313F5784-71A0-46C2-A5B2-86AD9B17A4E8};Saatavuutta rajoitettu;{313F5784-71A0-46C2-A5B2-86AD9B17A4E8};;;https://metadata.ymparisto.fi/dataset/;;
Shoreline10 (Ranta10) and River network;http://metatieto.ymparisto.fi:8080/geoportal/catalog/search/resource/details.page?uuid={CED8AC3C-0651-4117-88A6-44CD05F6B42D};Saatavuutta rajoitettu;{CED8AC3C-0651-4117-88A6-44CD05F6B42D};;;https://metadata.ymparisto.fi/dataset/;;
SINISIMPUKKAYHTEISÖJEN LEVINNEISYYSMALLI;http://metatieto.ymparisto.fi:8080/geoportal/catalog/search/resource/details.page?uuid={2F7CC7D6-380E-4E77-834F-7682EC6BC4FF};Saatavuutta rajoitettu;{2F7CC7D6-380E-4E77-834F-7682EC6BC4FF};;;https://metadata.ymparisto.fi/dataset/;;
STUCKENIA FILIFORMIS & STUCKENIA PECTINATA LEVINNEISYYSMALLI;http://metatieto.ymparisto.fi:8080/geoportal/catalog/search/resource/details.page?uuid={BD151356-6EDB-4CB2-9BEF-E72D5AEBE936};Saatavuutta rajoitettu;{BD151356-6EDB-4CB2-9BEF-E72D5AEBE936};{BC774445-3D76-4F4F-B6A4-A63C631F0BAE};Suomen ympäristökeskus;https://metadata.ymparisto.fi/dataset/{BC774445-3D76-4F4F-B6A4-A63C631F0BAE};;
Sukelluksissa havaittujen makroleväsukujen otannalla korjattu määrä;http://metatieto.ymparisto.fi:8080/geoportal/catalog/search/resource/details.page?uuid={FF890247-EDD4-45E2-97BE-4570039870B7};Saatavuutta rajoitettu;{FF890247-EDD4-45E2-97BE-4570039870B7};{FBE17630-F6E1-47EA-B07E-C4A29BC33E3D};Metsähallitus;https://metadata.ymparisto.fi/dataset/{FBE17630-F6E1-47EA-B07E-C4A29BC33E3D};;
SYKEn  hakemistorajapinta (OData);http://metatieto.ymparisto.fi:8080/geoportal/catalog/search/resource/details.page?uuid={3563384E-DF21-49F6-9E0A-CCB1B8A74A44};Saatavuutta rajoitettu;{3563384E-DF21-49F6-9E0A-CCB1B8A74A44};{318D5E0E-7E13-47F2-93E7-04DFE2A12917};Suomen ympäristökeskus / Tietokeskus;https://metadata.ymparisto.fi/dataset/{318D5E0E-7E13-47F2-93E7-04DFE2A12917};;
Säähavaintoasemat;http://metatieto.ymparisto.fi:8080/geoportal/catalog/search/resource/details.page?uuid={D2BF7AA2-6E0A-4EFF-BB77-1EA5330A3518};Saatavuutta rajoitettu;{D2BF7AA2-6E0A-4EFF-BB77-1EA5330A3518};{CDE7624A-AA3A-4592-B086-24008F05108D};Suomen ympäristökeskus;https://metadata.ymparisto.fi/dataset/{CDE7624A-AA3A-4592-B086-24008F05108D};;
SÖKÖ-karttalehdet;http://metatieto.ymparisto.fi:8080/geoportal/catalog/search/resource/details.page?uuid={3A7B5ECF-5A1A-4CE8-8880-EFA161B0452E};Saatavuutta rajoitettu;{3A7B5ECF-5A1A-4CE8-8880-EFA161B0452E};{D925EC77-C5F0-4D1E-A691-93ED0FACDAD6};Suomen ympäristökeskus;https://metadata.ymparisto.fi/dataset/{D925EC77-C5F0-4D1E-A691-93ED0FACDAD6};;
Teollisuus rannikolla;http://metatieto.ymparisto.fi:8080/geoportal/catalog/search/resource/details.page?uuid={BDBE0944-5B2C-4CE8-A404-34B8292DF808};Saatavuutta rajoitettu;{BDBE0944-5B2C-4CE8-A404-34B8292DF808};{8D033A6C-D9A7-4622-B518-E4358303BD2C};Pohjois-Pohjanmaan ELY;https://metadata.ymparisto.fi/dataset/{8D033A6C-D9A7-4622-B518-E4358303BD2C};;
Tieriskirekisteri TSRR;http://metatieto.ymparisto.fi:8080/geoportal/catalog/search/resource/details.page?uuid={8047A089-C13F-4729-920B-3C18F471F711};Saatavuutta rajoitettu;{8047A089-C13F-4729-920B-3C18F471F711};{47A9B147-CC81-460F-976B-E3A2A756D15A};Pohjavesiaineisto- SYKE, Tieaineisto- LiV;https://metadata.ymparisto.fi/dataset/{47A9B147-CC81-460F-976B-E3A2A756D15A};;
Total Suspended Matter, FI-LAKES, 2012-06-20;http://metatieto.ymparisto.fi:8080/geoportal/catalog/search/resource/details.page?uuid=e98cabc7-65ad-4e72-a6d6-f42e2cc591da;Saatavuutta rajoitettu;e98cabc7-65ad-4e72-a6d6-f42e2cc591da;;;https://metadata.ymparisto.fi/dataset/;;
Total suspended matter, FI-SOUTH, 2009-09-15;http://metatieto.ymparisto.fi:8080/geoportal/catalog/search/resource/details.page?uuid=69b7df80-3d67-11e2-941e-005056c00008;Saatavuutta rajoitettu;69b7df80-3d67-11e2-941e-005056c00008;;;https://metadata.ymparisto.fi/dataset/;;
Traffic and Water Ways' Restriction Areas;http://metatieto.ymparisto.fi:8080/geoportal/catalog/search/resource/details.page?uuid={A8126E3C-8F96-43C3-883D-BF315E38284E};Saatavuutta rajoitettu;{A8126E3C-8F96-43C3-883D-BF315E38284E};;;https://metadata.ymparisto.fi/dataset/;;
Traffic Risk Zones;http://metatieto.ymparisto.fi:8080/geoportal/catalog/search/resource/details.page?uuid={F1E7CB96-6CA3-4E51-B057-464AF658C46E};Saatavuutta rajoitettu;{F1E7CB96-6CA3-4E51-B057-464AF658C46E};;;https://metadata.ymparisto.fi/dataset/;;
Tulvariskiruudut;http://metatieto.ymparisto.fi:8080/geoportal/catalog/search/resource/details.page?uuid={7F0ABF2F-A175-4D9A-A04B-C6514B94D082};Saatavuutta rajoitettu;{7F0ABF2F-A175-4D9A-A04B-C6514B94D082};;Suomen ympäristökeskus;https://metadata.ymparisto.fi/dataset/;;
Tulvatietojärjestelmä TULVATJ;http://metatieto.ymparisto.fi:8080/geoportal/catalog/search/resource/details.page?uuid={58AAFEFC-1429-4343-8EE2-F5E136E0A276};Saatavuutta rajoitettu;{58AAFEFC-1429-4343-8EE2-F5E136E0A276};{58AAFEFC-1429-4343-8EE2-F5E136E0A276};Suomen ympäristökeskus;https://metadata.ymparisto.fi/dataset/{58AAFEFC-1429-4343-8EE2-F5E136E0A276};;
Tuottajavastuutietojärjestelmä;http://metatieto.ymparisto.fi:8080/geoportal/catalog/search/resource/details.page?uuid={0E73BB28-1574-48A0-87CA-FD4BC1211896};Saatavuutta rajoitettu;{0E73BB28-1574-48A0-87CA-FD4BC1211896};;;https://metadata.ymparisto.fi/dataset/;;
Uomatietojärjestelmä;http://metatieto.ymparisto.fi:8080/geoportal/catalog/search/resource/details.page?uuid={FB936A19-421D-486D-95AC-009BD53AA1B2};Saatavuutta rajoitettu;{FB936A19-421D-486D-95AC-009BD53AA1B2};{FB936A19-421D-486D-95AC-009BD53AA1B2};Suomen ympäristökeskus;https://metadata.ymparisto.fi/dataset/{FB936A19-421D-486D-95AC-009BD53AA1B2};;
Valtakunnallinen maakuntakaavapaikkatietokanta;http://metatieto.ymparisto.fi:8080/geoportal/catalog/search/resource/details.page?uuid={8E578155-1FD3-4B69-B6EB-0AB18B8F6FE6};Saatavuutta rajoitettu;{8E578155-1FD3-4B69-B6EB-0AB18B8F6FE6};{82174E6B-DBC6-439F-A0F0-B425C8FBB28F};Suomen ympäristökeskus;https://metadata.ymparisto.fi/dataset/{82174E6B-DBC6-439F-A0F0-B425C8FBB28F};;
Valtakunnallisen yöperhosseurannan keskustietokanta YÖPETI;http://metatieto.ymparisto.fi:8080/geoportal/catalog/search/resource/details.page?uuid={1FF762A2-EE3F-415C-9895-D866B2E8A9CF};Saatavuutta rajoitettu;{1FF762A2-EE3F-415C-9895-D866B2E8A9CF};{4CA7BB48-01F0-4544-B153-E17569155FBD};SYKE;https://metadata.ymparisto.fi/dataset/{4CA7BB48-01F0-4544-B153-E17569155FBD};;
Valtion öljyntorjuntavarastot;http://metatieto.ymparisto.fi:8080/geoportal/catalog/search/resource/details.page?uuid={3E35CBD1-1C57-4E17-96EC-6E41256E4619};Saatavuutta rajoitettu;{3E35CBD1-1C57-4E17-96EC-6E41256E4619};{872D9B86-1902-4343-999C-2F76348C4524};Suomen ympäristökeskus;https://metadata.ymparisto.fi/dataset/{872D9B86-1902-4343-999C-2F76348C4524};;
Value-valuma-aluejako (ehdotus);http://metatieto.ymparisto.fi:8080/geoportal/catalog/search/resource/details.page?uuid={31B11BD6-7886-447C-8A24-2B8FFE6B2D07};Saatavuutta rajoitettu;{31B11BD6-7886-447C-8A24-2B8FFE6B2D07};{E848DF66-C3A7-47E5-956A-5FEBBDBD924B};Suomen ympäristökeskus;https://metadata.ymparisto.fi/dataset/{E848DF66-C3A7-47E5-956A-5FEBBDBD924B};;
Valvonta ja kuormitustietojärjestelmä VAHTI;http://metatieto.ymparisto.fi:8080/geoportal/catalog/search/resource/details.page?uuid={D1539BE1-7A48-4CC8-AEC9-B32C7650A399};Saatavuutta rajoitettu;{D1539BE1-7A48-4CC8-AEC9-B32C7650A399};;;https://metadata.ymparisto.fi/dataset/;;
Vanhan rakennuslain mukaisesti vahvistettujen yleiskaavojen rasterit;http://metatieto.ymparisto.fi:8080/geoportal/catalog/search/resource/details.page?uuid={1377662D-F6F1-48F7-86A0-ADD001F08CE1};Saatavuutta rajoitettu;{1377662D-F6F1-48F7-86A0-ADD001F08CE1};{970599E7-8793-47A6-BF67-23E845E82ED1};Suomen ympäristökeskus;https://metadata.ymparisto.fi/dataset/{970599E7-8793-47A6-BF67-23E845E82ED1};;
Vanhan rakennuslain mukaisesti vahvistettujen yleiskaavojen ulkorajaukset;http://metatieto.ymparisto.fi:8080/geoportal/catalog/search/resource/details.page?uuid={1E200F2D-7983-42C1-84AF-459FD31AB4EC};Saatavuutta rajoitettu;{1E200F2D-7983-42C1-84AF-459FD31AB4EC};{AAFD1646-16FC-42D8-9F1B-DA8272A9D062};Suomen ympäristökeskus;https://metadata.ymparisto.fi/dataset/{AAFD1646-16FC-42D8-9F1B-DA8272A9D062};;
Varsinais-Suomen veneluiskat 2016;http://metatieto.ymparisto.fi:8080/geoportal/catalog/search/resource/details.page?uuid={AFB2C26E-E63B-4324-8E06-3B806EC37C92};Saatavuutta rajoitettu;{AFB2C26E-E63B-4324-8E06-3B806EC37C92};{5E45B067-25E6-41F2-8129-DD7C2BF67148};Turun ammattikorkeakoulu Oy;https://metadata.ymparisto.fi/dataset/{5E45B067-25E6-41F2-8129-DD7C2BF67148};;
Varsinais-Suomen väylien riskikartoitus;http://metatieto.ymparisto.fi:8080/geoportal/catalog/search/resource/details.page?uuid={00DEEA25-2286-49B4-AED4-CB20A1BA5B9E};Saatavuutta rajoitettu;{00DEEA25-2286-49B4-AED4-CB20A1BA5B9E};{AB829531-5139-4A9D-9CF6-162AE62B27D0};Turun ammattikorkeakoulu;https://metadata.ymparisto.fi/dataset/{AB829531-5139-4A9D-9CF6-162AE62B27D0};;
VELMU kartoitusmenetelmät;http://metatieto.ymparisto.fi:8080/geoportal/catalog/search/resource/details.page?uuid={7F62E2AC-7C1B-4B3F-A66A-8BE03E01388B};Saatavuutta rajoitettu;{7F62E2AC-7C1B-4B3F-A66A-8BE03E01388B};{2BED2EB3-CDAA-4071-ADD3-1FC081C23440};Suomen ympäristökeskus;https://metadata.ymparisto.fi/dataset/{2BED2EB3-CDAA-4071-ADD3-1FC081C23440};;
VELMU kuvapisteet;http://metatieto.ymparisto.fi:8080/geoportal/catalog/search/resource/details.page?uuid={FBE41DF9-F410-4490-B9B6-8418CB33617E};Saatavuutta rajoitettu;{FBE41DF9-F410-4490-B9B6-8418CB33617E};{4504165A-74A4-4675-B95A-FA5274C4984A};Suomen ympäristökeskus;https://metadata.ymparisto.fi/dataset/{4504165A-74A4-4675-B95A-FA5274C4984A};;
VELMU lajihavainnot;http://metatieto.ymparisto.fi:8080/geoportal/catalog/search/resource/details.page?uuid={D03358DD-CA34-487F-8F85-03A74C9D7296};Saatavuutta rajoitettu;{D03358DD-CA34-487F-8F85-03A74C9D7296};{C3C7C925-5872-4C30-A824-8F723BE3ABC8};Suomen ympäristökeskus;https://metadata.ymparisto.fi/dataset/{C3C7C925-5872-4C30-A824-8F723BE3ABC8};;
VELMU lajihavainnot (uhanalaiset lajit);http://metatieto.ymparisto.fi:8080/geoportal/catalog/search/resource/details.page?uuid={F500A951-A177-4CAA-83C5-FC54F2255FAB};Saatavuutta rajoitettu;{F500A951-A177-4CAA-83C5-FC54F2255FAB};{BF30DFF5-B5F8-4D8D-BAF7-D3671BBE432A};Suomen ympäristökeskus;https://metadata.ymparisto.fi/dataset/{BF30DFF5-B5F8-4D8D-BAF7-D3671BBE432A};;
Velmu taustakartta;http://metatieto.ymparisto.fi:8080/geoportal/catalog/search/resource/details.page?uuid={B2B2A595-1225-4E18-B49C-EEBB5A6C5CE3};Saatavuutta rajoitettu;{B2B2A595-1225-4E18-B49C-EEBB5A6C5CE3};{60776441-5F9D-43EB-B902-A30CFBE89C2A};Suomen ympäristökeskus;https://metadata.ymparisto.fi/dataset/{60776441-5F9D-43EB-B902-A30CFBE89C2A};;
Venesatamat;http://metatieto.ymparisto.fi:8080/geoportal/catalog/search/resource/details.page?uuid={4166A97E-E513-4B69-B498-447A8FA71B9A};Saatavuutta rajoitettu;{4166A97E-E513-4B69-B498-447A8FA71B9A};{D4C89F91-AA18-4359-B1D6-42C9C436332A};Suomen ympäristökeskus;https://metadata.ymparisto.fi/dataset/{D4C89F91-AA18-4359-B1D6-42C9C436332A};;
Vesienhoitoalueiden pintavesien kaikki seurantapaikat;http://metatieto.ymparisto.fi:8080/geoportal/catalog/search/resource/details.page?uuid={356F0345-ABFE-4245-8231-BE4BFA83C541};Saatavuutta rajoitettu;{356F0345-ABFE-4245-8231-BE4BFA83C541};{79CF5A64-2690-4BF1-83C9-66C9CF8C041D};Suomen ympäristökeskus/Vesikeskus;https://metadata.ymparisto.fi/dataset/{79CF5A64-2690-4BF1-83C9-66C9CF8C041D};;
Vesienhoitoalueiden seuranta - VHS Seuranta;http://metatieto.ymparisto.fi:8080/geoportal/catalog/search/resource/details.page?uuid={F2FAD430-3632-4ACC-B2B1-70680795361E};Saatavuutta rajoitettu;{F2FAD430-3632-4ACC-B2B1-70680795361E};{F2FAD430-3632-4ACC-B2B1-70680795361E};Suomen ympäristökeskus / Vesikeskus / Sisävesiyksikkö;https://metadata.ymparisto.fi/dataset/{F2FAD430-3632-4ACC-B2B1-70680795361E};;
vesienhoitoalueiden seurantapaikat, Pohjavesi;http://metatieto.ymparisto.fi:8080/geoportal/catalog/search/resource/details.page?uuid={3E07BDDC-AB68-4CDB-A647-BA6FCA784AB3};Saatavuutta rajoitettu;{3E07BDDC-AB68-4CDB-A647-BA6FCA784AB3};{5168AC0A-DD96-4231-9B4A-26DEAC055DC4};Suomen ympäristökeskus;https://metadata.ymparisto.fi/dataset/{5168AC0A-DD96-4231-9B4A-26DEAC055DC4};;
Vesienhoitoalueiden seurantapaikat. Pintavesi;http://metatieto.ymparisto.fi:8080/geoportal/catalog/search/resource/details.page?uuid={22E6CAF3-20A9-44D1-B054-E019FEF882D4};Saatavuutta rajoitettu;{22E6CAF3-20A9-44D1-B054-E019FEF882D4};;;https://metadata.ymparisto.fi/dataset/;;
Vesihuollon tietojärjestelmä VEETI;http://metatieto.ymparisto.fi:8080/geoportal/catalog/search/resource/details.page?uuid={F363ACA2-6CF5-46EF-907C-8F6CAF50C17B};Saatavuutta rajoitettu;{F363ACA2-6CF5-46EF-907C-8F6CAF50C17B};{373B7BEC-F23D-4AEF-9194-A646006F95AD};Suomen ympäristökeskus;https://metadata.ymparisto.fi/dataset/{373B7BEC-F23D-4AEF-9194-A646006F95AD};;
Vesihuoltolaitosten tilastointijärjestelmä VELVET;http://metatieto.ymparisto.fi:8080/geoportal/catalog/search/resource/details.page?uuid={DA001EC6-DB26-4339-AB97-DAB8FC2968B3};Saatavuutta rajoitettu;{DA001EC6-DB26-4339-AB97-DAB8FC2968B3};;;https://metadata.ymparisto.fi/dataset/;;
Vesihuoltoverkoston potentiaali (jätevesi, talousvesi ja jätevesi);http://metatieto.ymparisto.fi:8080/geoportal/catalog/search/resource/details.page?uuid={479C025B-3ECC-4E97-8FF0-23E82B5A521B};Saatavuutta rajoitettu;{479C025B-3ECC-4E97-8FF0-23E82B5A521B};{363584D7-C854-4A20-BD7E-A1385B4E171D};Suomen ympäristökeskus;https://metadata.ymparisto.fi/dataset/{363584D7-C854-4A20-BD7E-A1385B4E171D};;
Vesiliikennerajoitukset-karttapalvelu;http://metatieto.ymparisto.fi:8080/geoportal/catalog/search/resource/details.page?uuid={2AD52986-F67E-4417-B733-BF57C94B4F02};Saatavuutta rajoitettu;{2AD52986-F67E-4417-B733-BF57C94B4F02};{5E05F2A7-17C5-44D3-99E2-68C263D3DD32};Suomen ympäristökeskus;https://metadata.ymparisto.fi/dataset/{5E05F2A7-17C5-44D3-99E2-68C263D3DD32};;
Vesimuodostumat-tietojärjestelmä VEMU;http://metatieto.ymparisto.fi:8080/geoportal/catalog/search/resource/details.page?uuid={6CD780AB-790D-4DA8-8962-9C8186B4127D};Saatavuutta rajoitettu;{6CD780AB-790D-4DA8-8962-9C8186B4127D};{6CD780AB-790D-4DA8-8962-9C8186B4127D};Suomen ympäristökeskus / Vesikeskus / Vesivarayksikkö;https://metadata.ymparisto.fi/dataset/{6CD780AB-790D-4DA8-8962-9C8186B4127D};;
Vesistömallijärjestelmä (WSFS-VEMALA);http://metatieto.ymparisto.fi:8080/geoportal/catalog/search/resource/details.page?uuid={C08C0416-6605-4BC5-8956-58AAF95F0030};Saatavuutta rajoitettu;{C08C0416-6605-4BC5-8956-58AAF95F0030};;;https://metadata.ymparisto.fi/dataset/;;
Vesistötyöt  VESTY - Vesistöhankkeet;http://metatieto.ymparisto.fi:8080/geoportal/catalog/search/resource/details.page?uuid={CA4578AC-3B2E-488F-8A0D-C91E470DAE49};Saatavuutta rajoitettu;{CA4578AC-3B2E-488F-8A0D-C91E470DAE49};{789B889E-6D94-413F-BD07-F811137637B7};Lasse Järvenpää;https://metadata.ymparisto.fi/dataset/{789B889E-6D94-413F-BD07-F811137637B7};;
Vesistötyöt VESTY - Rakenteet ja toimenpiteet;http://metatieto.ymparisto.fi:8080/geoportal/catalog/search/resource/details.page?uuid={54CB6655-3038-4FAC-9822-5BADA622570F};Saatavuutta rajoitettu;{54CB6655-3038-4FAC-9822-5BADA622570F};{C13F44E5-E626-4AE5-BD23-EDCC1A21CDA9};Suomen ympäristökeskus / Vesikeskus / Vesivarayksikkö;https://metadata.ymparisto.fi/dataset/{C13F44E5-E626-4AE5-BD23-EDCC1A21CDA9};;
Vesivarat - käyttötoiminta;http://metatieto.ymparisto.fi:8080/geoportal/catalog/search/resource/details.page?uuid={6F7ADB6E-193B-47A2-A4F6-2320D66D706A};Saatavuutta rajoitettu;{6F7ADB6E-193B-47A2-A4F6-2320D66D706A};{6F7ADB6E-193B-47A2-A4F6-2320D66D706A};Suomen ympäristökeskus;https://metadata.ymparisto.fi/dataset/{6F7ADB6E-193B-47A2-A4F6-2320D66D706A};;
Vesiviljelyn sijainninohjaussuunnitelma;http://metatieto.ymparisto.fi:8080/geoportal/catalog/search/resource/details.page?uuid={E9B1F82F-D696-49A1-9CC8-B69EEE5D61FF};Saatavuutta rajoitettu;{E9B1F82F-D696-49A1-9CC8-B69EEE5D61FF};;Maa- ja metsätalousministeriö, Ruokavirasto;https://metadata.ymparisto.fi/dataset/;;
Väestötietojärjestelmän rakennus- ja huoneistotiedot RHR;http://metatieto.ymparisto.fi:8080/geoportal/catalog/search/resource/details.page?uuid={18C8309E-3963-4738-B6D2-96BA825344DC};Saatavuutta rajoitettu;{18C8309E-3963-4738-B6D2-96BA825344DC};;Digi- ja väestötietovirasto;https://metadata.ymparisto.fi/dataset/;;
Vähittäiskaupan toimipaikat;http://metatieto.ymparisto.fi:8080/geoportal/catalog/search/resource/details.page?uuid={2A5BD858-ECAB-4E8B-B3B1-7FD0FE0DA798};Saatavuutta rajoitettu;{2A5BD858-ECAB-4E8B-B3B1-7FD0FE0DA798};;Tilastokeskus;https://metadata.ymparisto.fi/dataset/;;
Yleiskaavarekisteri - Yleiskaava MOPO;http://metatieto.ymparisto.fi:8080/geoportal/catalog/search/resource/details.page?uuid={34E2147E-D704-408D-A053-F91EEE20F94F};Saatavuutta rajoitettu;{34E2147E-D704-408D-A053-F91EEE20F94F};;;https://metadata.ymparisto.fi/dataset/;;
Ympäristöhallinnon kirjastojen kokoelma- ja artikkelitietokanta;http://metatieto.ymparisto.fi:8080/geoportal/catalog/search/resource/details.page?uuid={51D1BC1D-93E5-4369-8019-630ACDEF53BA};Saatavuutta rajoitettu;{51D1BC1D-93E5-4369-8019-630ACDEF53BA};{51D1BC1D-93E5-4369-8019-630ACDEF53BA};Suomen ympäristökeskus / Tietokeskus / Tietopalvelu ja kirjasto;https://metadata.ymparisto.fi/dataset/{51D1BC1D-93E5-4369-8019-630ACDEF53BA};;
Ympäristöhallinnon kirjastojen lehtitietokanta;http://metatieto.ymparisto.fi:8080/geoportal/catalog/search/resource/details.page?uuid={B313B6FD-1CAB-41DD-9EF8-CF602F361773};Saatavuutta rajoitettu;{B313B6FD-1CAB-41DD-9EF8-CF602F361773};{B313B6FD-1CAB-41DD-9EF8-CF602F361773};Suomen ympäristökeskus / Tietokeskus / Tietopalvelu ja kirjasto;https://metadata.ymparisto.fi/dataset/{B313B6FD-1CAB-41DD-9EF8-CF602F361773};;
Ympäristökarttapalvelu karpalo;http://metatieto.ymparisto.fi:8080/geoportal/catalog/search/resource/details.page?uuid={B7FB975C-846E-451A-9F5E-00EE3D2383AA};Saatavuutta rajoitettu;{B7FB975C-846E-451A-9F5E-00EE3D2383AA};{1334BB17-D27D-4876-9362-EF59256CC6BD};Suomen ympäristökeskus;https://metadata.ymparisto.fi/dataset/{1334BB17-D27D-4876-9362-EF59256CC6BD};;
Zostera marina levinneisyyysmalli;http://metatieto.ymparisto.fi:8080/geoportal/catalog/search/resource/details.page?uuid={CA32C9F7-7475-4EFE-8E1C-22B1FB96F008};Saatavuutta rajoitettu;{CA32C9F7-7475-4EFE-8E1C-22B1FB96F008};{30F193DB-2CD7-4DC1-8A31-84CB06B16213};Suomen ympäristökeskus;https://metadata.ymparisto.fi/dataset/{30F193DB-2CD7-4DC1-8A31-84CB06B16213};;